1,1,baguette
1,2,soda
1,3,hering
1,4,cracker
1,5,heineken
1,6,olives
1,7,corned_b
2,1,avocado
2,2,cracker
2,3,artichok
2,4,heineken
2,5,ham
2,6,turkey
2,7,sardines
3,1,olives
3,2,bourbon
3,3,coke
3,4,turkey
3,5,ice_crea
3,6,ham
3,7,peppers
4,1,hering
4,2,corned_b
4,3,apples
4,4,olives
4,5,steak
4,6,avocado
4,7,turkey
5,1,sardines
5,2,heineken
5,3,chicken
5,4,coke
5,5,ice_crea
5,6,peppers
5,7,ham
6,1,olives
6,2,bourbon
6,3,coke
6,4,turkey
6,5,ice_crea
6,6,heineken
6,7,apples
7,1,corned_b
7,2,peppers
7,3,bourbon
7,4,cracker
7,5,chicken
7,6,ice_crea
7,7,baguette
8,1,soda
8,2,olives
8,3,bourbon
8,4,cracker
8,5,heineken
8,6,peppers
8,7,baguette
9,1,corned_b
9,2,peppers
9,3,bourbon
9,4,cracker
9,5,chicken
9,6,bordeaux
9,7,hering
10,1,baguette
10,2,sardines
10,3,apples
10,4,peppers
10,5,avocado
10,6,steak
10,7,turkey
11,1,baguette
11,2,hering
11,3,avocado
11,4,artichok
11,5,heineken
11,6,apples
11,7,corned_b
12,1,hering
12,2,corned_b
12,3,apples
12,4,olives
12,5,steak
12,6,sardines
12,7,heineken
13,1,baguette
13,2,sardines
13,3,apples
13,4,peppers
13,5,avocado
13,6,steak
13,7,ice_crea
14,1,hering
14,2,corned_b
14,3,olives
14,4,ham
14,5,turkey
14,6,coke
14,7,apples
15,1,olives
15,2,bourbon
15,3,coke
15,4,turkey
15,5,ice_crea
15,6,artichok
15,7,ham
16,1,baguette
16,2,hering
16,3,avocado
16,4,artichok
16,5,heineken
16,6,coke
16,7,turkey
17,1,sardines
17,2,heineken
17,3,chicken
17,4,coke
17,5,ice_crea
17,6,corned_b
17,7,apples
18,1,soda
18,2,olives
18,3,bourbon
18,4,cracker
18,5,heineken
18,6,baguette
18,7,peppers
19,1,soda
19,2,olives
19,3,bourbon
19,4,cracker
19,5,heineken
19,6,steak
19,7,hering
20,1,hering
20,2,corned_b
20,3,olives
20,4,ham
20,5,turkey
20,6,apples
20,7,baguette
21,1,baguette
21,2,hering
21,3,avocado
21,4,artichok
21,5,heineken
21,6,bourbon
21,7,corned_b
22,1,soda
22,2,olives
22,3,bourbon
22,4,cracker
22,5,heineken
22,6,artichok
22,7,steak
23,1,soda
23,2,olives
23,3,bourbon
23,4,cracker
23,5,heineken
23,6,corned_b
23,7,hering
24,1,sardines
24,2,heineken
24,3,chicken
24,4,coke
24,5,ice_crea
24,6,apples
24,7,baguette
25,1,sardines
25,2,heineken
25,3,chicken
25,4,coke
25,5,ice_crea
25,6,corned_b
25,7,peppers
26,1,olives
26,2,bourbon
26,3,coke
26,4,turkey
26,5,ice_crea
26,6,apples
26,7,baguette
27,1,olives
27,2,bourbon
27,3,coke
27,4,turkey
27,5,ice_crea
27,6,soda
27,7,avocado
28,1,soda
28,2,olives
28,3,bourbon
28,4,cracker
28,5,heineken
28,6,artichok
28,7,peppers
29,1,olives
29,2,bourbon
29,3,coke
29,4,turkey
29,5,ice_crea
29,6,sardines
29,7,soda
30,1,olives
30,2,bourbon
30,3,coke
30,4,turkey
30,5,ice_crea
30,6,soda
30,7,ham
31,1,corned_b
31,2,peppers
31,3,bourbon
31,4,cracker
31,5,chicken
31,6,hering
31,7,coke
32,1,baguette
32,2,sardines
32,3,apples
32,4,peppers
32,5,avocado
32,6,corned_b
32,7,chicken
33,1,soda
33,2,olives
33,3,bourbon
33,4,cracker
33,5,heineken
33,6,bordeaux
33,7,ham
34,1,baguette
34,2,hering
34,3,avocado
34,4,artichok
34,5,heineken
34,6,bordeaux
34,7,soda
35,1,hering
35,2,corned_b
35,3,olives
35,4,ham
35,5,turkey
35,6,cracker
35,7,baguette
36,1,avocado
36,2,cracker
36,3,artichok
36,4,heineken
36,5,ham
36,6,corned_b
36,7,sardines
37,1,soda
37,2,olives
37,3,bourbon
37,4,cracker
37,5,heineken
37,6,apples
37,7,steak
38,1,baguette
38,2,hering
38,3,avocado
38,4,artichok
38,5,heineken
38,6,soda
38,7,ham
39,1,sardines
39,2,heineken
39,3,chicken
39,4,coke
39,5,ice_crea
39,6,artichok
39,7,steak
40,1,soda
40,2,olives
40,3,bourbon
40,4,cracker
40,5,heineken
40,6,artichok
40,7,coke
41,1,hering
41,2,corned_b
41,3,apples
41,4,olives
41,5,steak
41,6,baguette
41,7,chicken
42,1,sardines
42,2,heineken
42,3,chicken
42,4,coke
42,5,ice_crea
42,6,cracker
42,7,steak
43,1,soda
43,2,olives
43,3,bourbon
43,4,cracker
43,5,heineken
43,6,steak
43,7,hering
44,1,hering
44,2,corned_b
44,3,olives
44,4,ham
44,5,turkey
44,6,bourbon
44,7,heineken
45,1,corned_b
45,2,peppers
45,3,bourbon
45,4,cracker
45,5,chicken
45,6,ice_crea
45,7,ice_crea
46,1,baguette
46,2,sardines
46,3,apples
46,4,peppers
46,5,avocado
46,6,chicken
46,7,steak
47,1,baguette
47,2,soda
47,3,hering
47,4,cracker
47,5,heineken
47,6,sardines
47,7,artichok
48,1,corned_b
48,2,peppers
48,3,bourbon
48,4,cracker
48,5,chicken
48,6,turkey
48,7,ice_crea
49,1,avocado
49,2,cracker
49,3,artichok
49,4,heineken
49,5,ham
49,6,sardines
49,7,hering
50,1,soda
50,2,olives
50,3,bourbon
50,4,cracker
50,5,heineken
50,6,bordeaux
50,7,avocado
51,1,baguette
51,2,sardines
51,3,apples
51,4,peppers
51,5,avocado
51,6,turkey
51,7,ice_crea
52,1,baguette
52,2,soda
52,3,hering
52,4,cracker
52,5,heineken
52,6,olives
52,7,avocado
53,1,baguette
53,2,hering
53,3,avocado
53,4,artichok
53,5,heineken
53,6,corned_b
53,7,chicken
54,1,hering
54,2,corned_b
54,3,olives
54,4,ham
54,5,turkey
54,6,avocado
54,7,baguette
55,1,baguette
55,2,soda
55,3,hering
55,4,cracker
55,5,heineken
55,6,corned_b
55,7,ham
56,1,sardines
56,2,heineken
56,3,chicken
56,4,coke
56,5,ice_crea
56,6,olives
56,7,corned_b
57,1,baguette
57,2,soda
57,3,hering
57,4,cracker
57,5,heineken
57,6,avocado
57,7,avocado
58,1,soda
58,2,olives
58,3,bourbon
58,4,cracker
58,5,heineken
58,6,ham
58,7,peppers
59,1,corned_b
59,2,peppers
59,3,bourbon
59,4,cracker
59,5,chicken
59,6,steak
59,7,apples
60,1,baguette
60,2,soda
60,3,hering
60,4,cracker
60,5,heineken
60,6,artichok
60,7,chicken
61,1,avocado
61,2,cracker
61,3,artichok
61,4,heineken
61,5,ham
61,6,hering
61,7,steak
62,1,hering
62,2,corned_b
62,3,apples
62,4,olives
62,5,steak
62,6,ham
62,7,ice_crea
63,1,baguette
63,2,hering
63,3,avocado
63,4,artichok
63,5,heineken
63,6,steak
63,7,turkey
64,1,baguette
64,2,sardines
64,3,apples
64,4,peppers
64,5,avocado
64,6,bordeaux
64,7,cracker
65,1,baguette
65,2,soda
65,3,hering
65,4,cracker
65,5,heineken
65,6,chicken
65,7,corned_b
66,1,baguette
66,2,sardines
66,3,apples
66,4,peppers
66,5,avocado
66,6,cracker
66,7,bourbon
67,1,hering
67,2,corned_b
67,3,apples
67,4,olives
67,5,steak
67,6,coke
67,7,soda
68,1,olives
68,2,bourbon
68,3,coke
68,4,turkey
68,5,ice_crea
68,6,sardines
68,7,avocado
69,1,corned_b
69,2,peppers
69,3,bourbon
69,4,cracker
69,5,chicken
69,6,soda
69,7,ice_crea
70,1,baguette
70,2,sardines
70,3,apples
70,4,peppers
70,5,avocado
70,6,bourbon
70,7,bourbon
71,1,hering
71,2,corned_b
71,3,olives
71,4,ham
71,5,turkey
71,6,coke
71,7,apples
72,1,hering
72,2,corned_b
72,3,apples
72,4,olives
72,5,steak
72,6,soda
72,7,avocado
73,1,baguette
73,2,sardines
73,3,apples
73,4,peppers
73,5,avocado
73,6,turkey
73,7,soda
74,1,sardines
74,2,heineken
74,3,chicken
74,4,coke
74,5,ice_crea
74,6,avocado
74,7,baguette
75,1,corned_b
75,2,peppers
75,3,bourbon
75,4,cracker
75,5,chicken
75,6,apples
75,7,coke
76,1,hering
76,2,corned_b
76,3,olives
76,4,ham
76,5,turkey
76,6,peppers
76,7,cracker
77,1,olives
77,2,bourbon
77,3,coke
77,4,turkey
77,5,ice_crea
77,6,cracker
77,7,corned_b
78,1,baguette
78,2,hering
78,3,avocado
78,4,artichok
78,5,heineken
78,6,ham
78,7,apples
79,1,corned_b
79,2,peppers
79,3,bourbon
79,4,cracker
79,5,chicken
79,6,steak
79,7,turkey
80,1,avocado
80,2,cracker
80,3,artichok
80,4,heineken
80,5,ham
80,6,soda
80,7,steak
81,1,avocado
81,2,cracker
81,3,artichok
81,4,heineken
81,5,ham
81,6,corned_b
81,7,baguette
82,1,corned_b
82,2,peppers
82,3,bourbon
82,4,cracker
82,5,chicken
82,6,hering
82,7,apples
83,1,hering
83,2,corned_b
83,3,apples
83,4,olives
83,5,steak
83,6,coke
83,7,ham
84,1,avocado
84,2,cracker
84,3,artichok
84,4,heineken
84,5,ham
84,6,hering
84,7,soda
85,1,hering
85,2,corned_b
85,3,apples
85,4,olives
85,5,steak
85,6,baguette
85,7,turkey
86,1,hering
86,2,corned_b
86,3,olives
86,4,ham
86,5,turkey
86,6,chicken
86,7,coke
87,1,hering
87,2,corned_b
87,3,apples
87,4,olives
87,5,steak
87,6,coke
87,7,artichok
88,1,hering
88,2,corned_b
88,3,olives
88,4,ham
88,5,turkey
88,6,apples
88,7,ice_crea
89,1,avocado
89,2,cracker
89,3,artichok
89,4,heineken
89,5,ham
89,6,steak
89,7,olives
90,1,baguette
90,2,soda
90,3,hering
90,4,cracker
90,5,heineken
90,6,peppers
90,7,corned_b
91,1,baguette
91,2,hering
91,3,avocado
91,4,artichok
91,5,heineken
91,6,bordeaux
91,7,corned_b
92,1,baguette
92,2,soda
92,3,hering
92,4,cracker
92,5,heineken
92,6,ice_crea
92,7,chicken
93,1,soda
93,2,olives
93,3,bourbon
93,4,cracker
93,5,heineken
93,6,apples
93,7,corned_b
94,1,corned_b
94,2,peppers
94,3,bourbon
94,4,cracker
94,5,chicken
94,6,apples
94,7,coke
95,1,hering
95,2,corned_b
95,3,olives
95,4,ham
95,5,turkey
95,6,ice_crea
95,7,artichok
96,1,sardines
96,2,heineken
96,3,chicken
96,4,coke
96,5,ice_crea
96,6,corned_b
96,7,corned_b
97,1,olives
97,2,bourbon
97,3,coke
97,4,turkey
97,5,ice_crea
97,6,heineken
97,7,soda
98,1,soda
98,2,olives
98,3,bourbon
98,4,cracker
98,5,heineken
98,6,steak
98,7,sardines
99,1,hering
99,2,corned_b
99,3,apples
99,4,olives
99,5,steak
99,6,peppers
99,7,baguette
100,1,baguette
100,2,sardines
100,3,apples
100,4,peppers
100,5,avocado
100,6,soda
100,7,coke
101,1,hering
101,2,corned_b
101,3,olives
101,4,ham
101,5,turkey
101,6,peppers
101,7,ice_crea
102,1,hering
102,2,corned_b
102,3,olives
102,4,ham
102,5,turkey
102,6,bourbon
102,7,bourbon
103,1,baguette
103,2,soda
103,3,hering
103,4,cracker
103,5,heineken
103,6,peppers
103,7,sardines
104,1,avocado
104,2,cracker
104,3,artichok
104,4,heineken
104,5,ham
104,6,corned_b
104,7,sardines
105,1,hering
105,2,corned_b
105,3,apples
105,4,olives
105,5,steak
105,6,baguette
105,7,ham
106,1,corned_b
106,2,peppers
106,3,bourbon
106,4,cracker
106,5,chicken
106,6,baguette
106,7,hering
107,1,sardines
107,2,heineken
107,3,chicken
107,4,coke
107,5,ice_crea
107,6,ham
107,7,corned_b
108,1,baguette
108,2,hering
108,3,avocado
108,4,artichok
108,5,heineken
108,6,ham
108,7,corned_b
109,1,soda
109,2,olives
109,3,bourbon
109,4,cracker
109,5,heineken
109,6,avocado
109,7,chicken
110,1,baguette
110,2,sardines
110,3,apples
110,4,peppers
110,5,avocado
110,6,heineken
110,7,hering
111,1,sardines
111,2,heineken
111,3,chicken
111,4,coke
111,5,ice_crea
111,6,bordeaux
111,7,olives
112,1,baguette
112,2,sardines
112,3,apples
112,4,peppers
112,5,avocado
112,6,chicken
112,7,turkey
113,1,sardines
113,2,heineken
113,3,chicken
113,4,coke
113,5,ice_crea
113,6,turkey
113,7,hering
114,1,olives
114,2,bourbon
114,3,coke
114,4,turkey
114,5,ice_crea
114,6,steak
114,7,heineken
115,1,soda
115,2,olives
115,3,bourbon
115,4,cracker
115,5,heineken
115,6,ham
115,7,avocado
116,1,hering
116,2,corned_b
116,3,olives
116,4,ham
116,5,turkey
116,6,bourbon
116,7,sardines
117,1,sardines
117,2,heineken
117,3,chicken
117,4,coke
117,5,ice_crea
117,6,apples
117,7,apples
118,1,olives
118,2,bourbon
118,3,coke
118,4,turkey
118,5,ice_crea
118,6,hering
118,7,ham
119,1,hering
119,2,corned_b
119,3,apples
119,4,olives
119,5,steak
119,6,chicken
119,7,ham
120,1,baguette
120,2,hering
120,3,avocado
120,4,artichok
120,5,heineken
120,6,chicken
120,7,cracker
121,1,baguette
121,2,sardines
121,3,apples
121,4,peppers
121,5,avocado
121,6,chicken
121,7,artichok
122,1,baguette
122,2,soda
122,3,hering
122,4,cracker
122,5,heineken
122,6,bourbon
122,7,peppers
123,1,soda
123,2,olives
123,3,bourbon
123,4,cracker
123,5,heineken
123,6,ice_crea
123,7,sardines
124,1,baguette
124,2,hering
124,3,avocado
124,4,artichok
124,5,heineken
124,6,soda
124,7,chicken
125,1,corned_b
125,2,peppers
125,3,bourbon
125,4,cracker
125,5,chicken
125,6,soda
125,7,ice_crea
126,1,hering
126,2,corned_b
126,3,olives
126,4,ham
126,5,turkey
126,6,cracker
126,7,steak
127,1,olives
127,2,bourbon
127,3,coke
127,4,turkey
127,5,ice_crea
127,6,peppers
127,7,chicken
128,1,soda
128,2,olives
128,3,bourbon
128,4,cracker
128,5,heineken
128,6,coke
128,7,chicken
129,1,olives
129,2,bourbon
129,3,coke
129,4,turkey
129,5,ice_crea
129,6,peppers
129,7,avocado
130,1,avocado
130,2,cracker
130,3,artichok
130,4,heineken
130,5,ham
130,6,chicken
130,7,corned_b
131,1,baguette
131,2,soda
131,3,hering
131,4,cracker
131,5,heineken
131,6,avocado
131,7,chicken
132,1,hering
132,2,corned_b
132,3,olives
132,4,ham
132,5,turkey
132,6,apples
132,7,steak
133,1,soda
133,2,olives
133,3,bourbon
133,4,cracker
133,5,heineken
133,6,ham
133,7,hering
134,1,baguette
134,2,hering
134,3,avocado
134,4,artichok
134,5,heineken
134,6,apples
134,7,turkey
135,1,sardines
135,2,heineken
135,3,chicken
135,4,coke
135,5,ice_crea
135,6,hering
135,7,peppers
136,1,olives
136,2,bourbon
136,3,coke
136,4,turkey
136,5,ice_crea
136,6,cracker
136,7,baguette
137,1,hering
137,2,corned_b
137,3,olives
137,4,ham
137,5,turkey
137,6,chicken
137,7,ice_crea
138,1,sardines
138,2,heineken
138,3,chicken
138,4,coke
138,5,ice_crea
138,6,turkey
138,7,ham
139,1,avocado
139,2,cracker
139,3,artichok
139,4,heineken
139,5,ham
139,6,chicken
139,7,corned_b
140,1,baguette
140,2,hering
140,3,avocado
140,4,artichok
140,5,heineken
140,6,chicken
140,7,peppers
141,1,soda
141,2,olives
141,3,bourbon
141,4,cracker
141,5,heineken
141,6,bordeaux
141,7,avocado
142,1,sardines
142,2,heineken
142,3,chicken
142,4,coke
142,5,ice_crea
142,6,apples
142,7,soda
143,1,avocado
143,2,cracker
143,3,artichok
143,4,heineken
143,5,ham
143,6,bordeaux
143,7,coke
144,1,baguette
144,2,hering
144,3,avocado
144,4,artichok
144,5,heineken
144,6,bourbon
144,7,apples
145,1,hering
145,2,corned_b
145,3,olives
145,4,ham
145,5,turkey
145,6,coke
145,7,heineken
146,1,avocado
146,2,cracker
146,3,artichok
146,4,heineken
146,5,ham
146,6,olives
146,7,chicken
147,1,soda
147,2,olives
147,3,bourbon
147,4,cracker
147,5,heineken
147,6,apples
147,7,corned_b
148,1,olives
148,2,bourbon
148,3,coke
148,4,turkey
148,5,ice_crea
148,6,bordeaux
148,7,soda
149,1,avocado
149,2,cracker
149,3,artichok
149,4,heineken
149,5,ham
149,6,steak
149,7,chicken
150,1,hering
150,2,corned_b
150,3,olives
150,4,ham
150,5,turkey
150,6,soda
150,7,cracker
151,1,corned_b
151,2,peppers
151,3,bourbon
151,4,cracker
151,5,chicken
151,6,steak
151,7,apples
152,1,baguette
152,2,soda
152,3,hering
152,4,cracker
152,5,heineken
152,6,avocado
152,7,turkey
153,1,olives
153,2,bourbon
153,3,coke
153,4,turkey
153,5,ice_crea
153,6,artichok
153,7,apples
154,1,baguette
154,2,sardines
154,3,apples
154,4,peppers
154,5,avocado
154,6,steak
154,7,turkey
155,1,corned_b
155,2,peppers
155,3,bourbon
155,4,cracker
155,5,chicken
155,6,sardines
155,7,olives
156,1,baguette
156,2,hering
156,3,avocado
156,4,artichok
156,5,heineken
156,6,olives
156,7,bourbon
157,1,avocado
157,2,cracker
157,3,artichok
157,4,heineken
157,5,ham
157,6,turkey
157,7,ice_crea
158,1,corned_b
158,2,peppers
158,3,bourbon
158,4,cracker
158,5,chicken
158,6,hering
158,7,sardines
159,1,hering
159,2,corned_b
159,3,olives
159,4,ham
159,5,turkey
159,6,artichok
159,7,chicken
160,1,hering
160,2,corned_b
160,3,apples
160,4,olives
160,5,steak
160,6,peppers
160,7,peppers
161,1,baguette
161,2,sardines
161,3,apples
161,4,peppers
161,5,avocado
161,6,olives
161,7,artichok
162,1,baguette
162,2,hering
162,3,avocado
162,4,artichok
162,5,heineken
162,6,chicken
162,7,bourbon
163,1,baguette
163,2,sardines
163,3,apples
163,4,peppers
163,5,avocado
163,6,ham
163,7,coke
164,1,sardines
164,2,heineken
164,3,chicken
164,4,coke
164,5,ice_crea
164,6,bourbon
164,7,avocado
165,1,avocado
165,2,cracker
165,3,artichok
165,4,heineken
165,5,ham
165,6,bordeaux
165,7,chicken
166,1,hering
166,2,corned_b
166,3,olives
166,4,ham
166,5,turkey
166,6,soda
166,7,peppers
167,1,corned_b
167,2,peppers
167,3,bourbon
167,4,cracker
167,5,chicken
167,6,hering
167,7,soda
168,1,hering
168,2,corned_b
168,3,olives
168,4,ham
168,5,turkey
168,6,ice_crea
168,7,sardines
169,1,avocado
169,2,cracker
169,3,artichok
169,4,heineken
169,5,ham
169,6,bourbon
169,7,soda
170,1,avocado
170,2,cracker
170,3,artichok
170,4,heineken
170,5,ham
170,6,sardines
170,7,peppers
171,1,corned_b
171,2,peppers
171,3,bourbon
171,4,cracker
171,5,chicken
171,6,heineken
171,7,ham
172,1,baguette
172,2,hering
172,3,avocado
172,4,artichok
172,5,heineken
172,6,olives
172,7,peppers
173,1,soda
173,2,olives
173,3,bourbon
173,4,cracker
173,5,heineken
173,6,corned_b
173,7,baguette
174,1,olives
174,2,bourbon
174,3,coke
174,4,turkey
174,5,ice_crea
174,6,steak
174,7,heineken
175,1,baguette
175,2,soda
175,3,hering
175,4,cracker
175,5,heineken
175,6,bourbon
175,7,corned_b
176,1,sardines
176,2,heineken
176,3,chicken
176,4,coke
176,5,ice_crea
176,6,cracker
176,7,ham
177,1,hering
177,2,corned_b
177,3,apples
177,4,olives
177,5,steak
177,6,avocado
177,7,avocado
178,1,corned_b
178,2,peppers
178,3,bourbon
178,4,cracker
178,5,chicken
178,6,ham
178,7,hering
179,1,baguette
179,2,soda
179,3,hering
179,4,cracker
179,5,heineken
179,6,olives
179,7,ice_crea
180,1,olives
180,2,bourbon
180,3,coke
180,4,turkey
180,5,ice_crea
180,6,peppers
180,7,steak
181,1,hering
181,2,corned_b
181,3,apples
181,4,olives
181,5,steak
181,6,bourbon
181,7,heineken
182,1,baguette
182,2,sardines
182,3,apples
182,4,peppers
182,5,avocado
182,6,cracker
182,7,olives
183,1,corned_b
183,2,peppers
183,3,bourbon
183,4,cracker
183,5,chicken
183,6,turkey
183,7,apples
184,1,avocado
184,2,cracker
184,3,artichok
184,4,heineken
184,5,ham
184,6,steak
184,7,soda
185,1,hering
185,2,corned_b
185,3,olives
185,4,ham
185,5,turkey
185,6,baguette
185,7,heineken
186,1,avocado
186,2,cracker
186,3,artichok
186,4,heineken
186,5,ham
186,6,apples
186,7,chicken
187,1,baguette
187,2,soda
187,3,hering
187,4,cracker
187,5,heineken
187,6,bordeaux
187,7,coke
188,1,sardines
188,2,heineken
188,3,chicken
188,4,coke
188,5,ice_crea
188,6,hering
188,7,bourbon
189,1,sardines
189,2,heineken
189,3,chicken
189,4,coke
189,5,ice_crea
189,6,hering
189,7,apples
190,1,olives
190,2,bourbon
190,3,coke
190,4,turkey
190,5,ice_crea
190,6,cracker
190,7,steak
191,1,hering
191,2,corned_b
191,3,apples
191,4,olives
191,5,steak
191,6,bourbon
191,7,peppers
192,1,avocado
192,2,cracker
192,3,artichok
192,4,heineken
192,5,ham
192,6,bourbon
192,7,hering
193,1,baguette
193,2,hering
193,3,avocado
193,4,artichok
193,5,heineken
193,6,bordeaux
193,7,sardines
194,1,olives
194,2,bourbon
194,3,coke
194,4,turkey
194,5,ice_crea
194,6,bordeaux
194,7,heineken
195,1,hering
195,2,corned_b
195,3,olives
195,4,ham
195,5,turkey
195,6,ice_crea
195,7,soda
196,1,hering
196,2,corned_b
196,3,apples
196,4,olives
196,5,steak
196,6,heineken
196,7,ham
197,1,olives
197,2,bourbon
197,3,coke
197,4,turkey
197,5,ice_crea
197,6,peppers
197,7,artichok
198,1,sardines
198,2,heineken
198,3,chicken
198,4,coke
198,5,ice_crea
198,6,bordeaux
198,7,olives
199,1,olives
199,2,bourbon
199,3,coke
199,4,turkey
199,5,ice_crea
199,6,heineken
199,7,cracker
200,1,corned_b
200,2,peppers
200,3,bourbon
200,4,cracker
200,5,chicken
200,6,ham
200,7,soda
201,1,baguette
201,2,hering
201,3,avocado
201,4,artichok
201,5,heineken
201,6,steak
201,7,sardines
202,1,hering
202,2,corned_b
202,3,apples
202,4,olives
202,5,steak
202,6,chicken
202,7,coke
203,1,baguette
203,2,sardines
203,3,apples
203,4,peppers
203,5,avocado
203,6,heineken
203,7,ice_crea
204,1,hering
204,2,corned_b
204,3,olives
204,4,ham
204,5,turkey
204,6,avocado
204,7,steak
205,1,avocado
205,2,cracker
205,3,artichok
205,4,heineken
205,5,ham
205,6,ice_crea
205,7,sardines
206,1,hering
206,2,corned_b
206,3,apples
206,4,olives
206,5,steak
206,6,sardines
206,7,bourbon
207,1,baguette
207,2,sardines
207,3,apples
207,4,peppers
207,5,avocado
207,6,steak
207,7,ice_crea
208,1,avocado
208,2,cracker
208,3,artichok
208,4,heineken
208,5,ham
208,6,sardines
208,7,corned_b
209,1,corned_b
209,2,peppers
209,3,bourbon
209,4,cracker
209,5,chicken
209,6,coke
209,7,hering
210,1,baguette
210,2,sardines
210,3,apples
210,4,peppers
210,5,avocado
210,6,corned_b
210,7,soda
211,1,avocado
211,2,cracker
211,3,artichok
211,4,heineken
211,5,ham
211,6,soda
211,7,coke
212,1,baguette
212,2,hering
212,3,avocado
212,4,artichok
212,5,heineken
212,6,soda
212,7,ice_crea
213,1,baguette
213,2,hering
213,3,avocado
213,4,artichok
213,5,heineken
213,6,chicken
213,7,coke
214,1,sardines
214,2,heineken
214,3,chicken
214,4,coke
214,5,ice_crea
214,6,artichok
214,7,baguette
215,1,olives
215,2,bourbon
215,3,coke
215,4,turkey
215,5,ice_crea
215,6,heineken
215,7,baguette
216,1,hering
216,2,corned_b
216,3,apples
216,4,olives
216,5,steak
216,6,cracker
216,7,chicken
217,1,baguette
217,2,hering
217,3,avocado
217,4,artichok
217,5,heineken
217,6,apples
217,7,peppers
218,1,hering
218,2,corned_b
218,3,apples
218,4,olives
218,5,steak
218,6,ham
218,7,heineken
219,1,hering
219,2,corned_b
219,3,apples
219,4,olives
219,5,steak
219,6,bordeaux
219,7,avocado
220,1,sardines
220,2,heineken
220,3,chicken
220,4,coke
220,5,ice_crea
220,6,olives
220,7,soda
221,1,soda
221,2,olives
221,3,bourbon
221,4,cracker
221,5,heineken
221,6,turkey
221,7,steak
222,1,soda
222,2,olives
222,3,bourbon
222,4,cracker
222,5,heineken
222,6,turkey
222,7,corned_b
223,1,hering
223,2,corned_b
223,3,apples
223,4,olives
223,5,steak
223,6,sardines
223,7,ice_crea
224,1,soda
224,2,olives
224,3,bourbon
224,4,cracker
224,5,heineken
224,6,sardines
224,7,chicken
225,1,sardines
225,2,heineken
225,3,chicken
225,4,coke
225,5,ice_crea
225,6,apples
225,7,artichok
226,1,corned_b
226,2,peppers
226,3,bourbon
226,4,cracker
226,5,chicken
226,6,turkey
226,7,apples
227,1,olives
227,2,bourbon
227,3,coke
227,4,turkey
227,5,ice_crea
227,6,ham
227,7,baguette
228,1,baguette
228,2,soda
228,3,hering
228,4,cracker
228,5,heineken
228,6,turkey
228,7,turkey
229,1,olives
229,2,bourbon
229,3,coke
229,4,turkey
229,5,ice_crea
229,6,artichok
229,7,apples
230,1,avocado
230,2,cracker
230,3,artichok
230,4,heineken
230,5,ham
230,6,turkey
230,7,olives
231,1,hering
231,2,corned_b
231,3,apples
231,4,olives
231,5,steak
231,6,avocado
231,7,bourbon
232,1,baguette
232,2,hering
232,3,avocado
232,4,artichok
232,5,heineken
232,6,soda
232,7,olives
233,1,hering
233,2,corned_b
233,3,apples
233,4,olives
233,5,steak
233,6,peppers
233,7,peppers
234,1,hering
234,2,corned_b
234,3,apples
234,4,olives
234,5,steak
234,6,artichok
234,7,avocado
235,1,baguette
235,2,hering
235,3,avocado
235,4,artichok
235,5,heineken
235,6,cracker
235,7,apples
236,1,avocado
236,2,cracker
236,3,artichok
236,4,heineken
236,5,ham
236,6,bordeaux
236,7,steak
237,1,baguette
237,2,hering
237,3,avocado
237,4,artichok
237,5,heineken
237,6,bourbon
237,7,ham
238,1,avocado
238,2,cracker
238,3,artichok
238,4,heineken
238,5,ham
238,6,bourbon
238,7,apples
239,1,hering
239,2,corned_b
239,3,apples
239,4,olives
239,5,steak
239,6,baguette
239,7,bourbon
240,1,baguette
240,2,sardines
240,3,apples
240,4,peppers
240,5,avocado
240,6,olives
240,7,cracker
241,1,baguette
241,2,sardines
241,3,apples
241,4,peppers
241,5,avocado
241,6,bourbon
241,7,bourbon
242,1,sardines
242,2,heineken
242,3,chicken
242,4,coke
242,5,ice_crea
242,6,peppers
242,7,bourbon
243,1,sardines
243,2,heineken
243,3,chicken
243,4,coke
243,5,ice_crea
243,6,hering
243,7,apples
244,1,avocado
244,2,cracker
244,3,artichok
244,4,heineken
244,5,ham
244,6,apples
244,7,ice_crea
245,1,sardines
245,2,heineken
245,3,chicken
245,4,coke
245,5,ice_crea
245,6,bourbon
245,7,artichok
246,1,olives
246,2,bourbon
246,3,coke
246,4,turkey
246,5,ice_crea
246,6,baguette
246,7,steak
247,1,olives
247,2,bourbon
247,3,coke
247,4,turkey
247,5,ice_crea
247,6,cracker
247,7,chicken
248,1,baguette
248,2,hering
248,3,avocado
248,4,artichok
248,5,heineken
248,6,steak
248,7,corned_b
249,1,sardines
249,2,heineken
249,3,chicken
249,4,coke
249,5,ice_crea
249,6,apples
249,7,turkey
250,1,olives
250,2,bourbon
250,3,coke
250,4,turkey
250,5,ice_crea
250,6,soda
250,7,sardines
251,1,hering
251,2,corned_b
251,3,apples
251,4,olives
251,5,steak
251,6,bordeaux
251,7,artichok
252,1,avocado
252,2,cracker
252,3,artichok
252,4,heineken
252,5,ham
252,6,corned_b
252,7,chicken
253,1,baguette
253,2,soda
253,3,hering
253,4,cracker
253,5,heineken
253,6,avocado
253,7,artichok
254,1,olives
254,2,bourbon
254,3,coke
254,4,turkey
254,5,ice_crea
254,6,bordeaux
254,7,ham
255,1,avocado
255,2,cracker
255,3,artichok
255,4,heineken
255,5,ham
255,6,hering
255,7,ice_crea
256,1,sardines
256,2,heineken
256,3,chicken
256,4,coke
256,5,ice_crea
256,6,artichok
256,7,steak
257,1,soda
257,2,olives
257,3,bourbon
257,4,cracker
257,5,heineken
257,6,chicken
257,7,hering
258,1,baguette
258,2,hering
258,3,avocado
258,4,artichok
258,5,heineken
258,6,bordeaux
258,7,soda
259,1,soda
259,2,olives
259,3,bourbon
259,4,cracker
259,5,heineken
259,6,avocado
259,7,avocado
260,1,baguette
260,2,sardines
260,3,apples
260,4,peppers
260,5,avocado
260,6,bourbon
260,7,artichok
261,1,sardines
261,2,heineken
261,3,chicken
261,4,coke
261,5,ice_crea
261,6,hering
261,7,ham
262,1,baguette
262,2,sardines
262,3,apples
262,4,peppers
262,5,avocado
262,6,artichok
262,7,soda
263,1,hering
263,2,corned_b
263,3,olives
263,4,ham
263,5,turkey
263,6,bourbon
263,7,peppers
264,1,corned_b
264,2,peppers
264,3,bourbon
264,4,cracker
264,5,chicken
264,6,baguette
264,7,heineken
265,1,hering
265,2,corned_b
265,3,olives
265,4,ham
265,5,turkey
265,6,heineken
265,7,bourbon
266,1,soda
266,2,olives
266,3,bourbon
266,4,cracker
266,5,heineken
266,6,peppers
266,7,avocado
267,1,baguette
267,2,soda
267,3,hering
267,4,cracker
267,5,heineken
267,6,artichok
267,7,avocado
268,1,sardines
268,2,heineken
268,3,chicken
268,4,coke
268,5,ice_crea
268,6,bourbon
268,7,corned_b
269,1,olives
269,2,bourbon
269,3,coke
269,4,turkey
269,5,ice_crea
269,6,apples
269,7,peppers
270,1,baguette
270,2,sardines
270,3,apples
270,4,peppers
270,5,avocado
270,6,corned_b
270,7,cracker
271,1,avocado
271,2,cracker
271,3,artichok
271,4,heineken
271,5,ham
271,6,steak
271,7,corned_b
272,1,soda
272,2,olives
272,3,bourbon
272,4,cracker
272,5,heineken
272,6,steak
272,7,ice_crea
273,1,avocado
273,2,cracker
273,3,artichok
273,4,heineken
273,5,ham
273,6,soda
273,7,steak
274,1,soda
274,2,olives
274,3,bourbon
274,4,cracker
274,5,heineken
274,6,ham
274,7,baguette
275,1,baguette
275,2,sardines
275,3,apples
275,4,peppers
275,5,avocado
275,6,cracker
275,7,steak
276,1,soda
276,2,olives
276,3,bourbon
276,4,cracker
276,5,heineken
276,6,steak
276,7,steak
277,1,hering
277,2,corned_b
277,3,apples
277,4,olives
277,5,steak
277,6,ice_crea
277,7,coke
278,1,corned_b
278,2,peppers
278,3,bourbon
278,4,cracker
278,5,chicken
278,6,ham
278,7,heineken
279,1,sardines
279,2,heineken
279,3,chicken
279,4,coke
279,5,ice_crea
279,6,cracker
279,7,soda
280,1,hering
280,2,corned_b
280,3,olives
280,4,ham
280,5,turkey
280,6,chicken
280,7,coke
281,1,baguette
281,2,sardines
281,3,apples
281,4,peppers
281,5,avocado
281,6,steak
281,7,cracker
282,1,hering
282,2,corned_b
282,3,apples
282,4,olives
282,5,steak
282,6,artichok
282,7,artichok
283,1,hering
283,2,corned_b
283,3,apples
283,4,olives
283,5,steak
283,6,bordeaux
283,7,ham
284,1,olives
284,2,bourbon
284,3,coke
284,4,turkey
284,5,ice_crea
284,6,sardines
284,7,heineken
285,1,avocado
285,2,cracker
285,3,artichok
285,4,heineken
285,5,ham
285,6,bordeaux
285,7,chicken
286,1,olives
286,2,bourbon
286,3,coke
286,4,turkey
286,5,ice_crea
286,6,apples
286,7,baguette
287,1,hering
287,2,corned_b
287,3,olives
287,4,ham
287,5,turkey
287,6,avocado
287,7,heineken
288,1,baguette
288,2,soda
288,3,hering
288,4,cracker
288,5,heineken
288,6,peppers
288,7,avocado
289,1,hering
289,2,corned_b
289,3,apples
289,4,olives
289,5,steak
289,6,ham
289,7,baguette
290,1,hering
290,2,corned_b
290,3,apples
290,4,olives
290,5,steak
290,6,soda
290,7,baguette
291,1,soda
291,2,olives
291,3,bourbon
291,4,cracker
291,5,heineken
291,6,chicken
291,7,apples
292,1,hering
292,2,corned_b
292,3,olives
292,4,ham
292,5,turkey
292,6,baguette
292,7,soda
293,1,baguette
293,2,soda
293,3,hering
293,4,cracker
293,5,heineken
293,6,ice_crea
293,7,avocado
294,1,baguette
294,2,hering
294,3,avocado
294,4,artichok
294,5,heineken
294,6,ice_crea
294,7,ham
295,1,corned_b
295,2,peppers
295,3,bourbon
295,4,cracker
295,5,chicken
295,6,steak
295,7,ham
296,1,baguette
296,2,sardines
296,3,apples
296,4,peppers
296,5,avocado
296,6,bourbon
296,7,artichok
297,1,sardines
297,2,heineken
297,3,chicken
297,4,coke
297,5,ice_crea
297,6,bordeaux
297,7,corned_b
298,1,hering
298,2,corned_b
298,3,apples
298,4,olives
298,5,steak
298,6,avocado
298,7,artichok
299,1,baguette
299,2,hering
299,3,avocado
299,4,artichok
299,5,heineken
299,6,chicken
299,7,turkey
300,1,sardines
300,2,heineken
300,3,chicken
300,4,coke
300,5,ice_crea
300,6,steak
300,7,hering
301,1,baguette
301,2,sardines
301,3,apples
301,4,peppers
301,5,avocado
301,6,corned_b
301,7,steak
302,1,baguette
302,2,soda
302,3,hering
302,4,cracker
302,5,heineken
302,6,bourbon
302,7,sardines
303,1,corned_b
303,2,peppers
303,3,bourbon
303,4,cracker
303,5,chicken
303,6,apples
303,7,heineken
304,1,hering
304,2,corned_b
304,3,olives
304,4,ham
304,5,turkey
304,6,peppers
304,7,cracker
305,1,hering
305,2,corned_b
305,3,apples
305,4,olives
305,5,steak
305,6,bordeaux
305,7,coke
306,1,hering
306,2,corned_b
306,3,apples
306,4,olives
306,5,steak
306,6,soda
306,7,artichok
307,1,sardines
307,2,heineken
307,3,chicken
307,4,coke
307,5,ice_crea
307,6,hering
307,7,cracker
308,1,corned_b
308,2,peppers
308,3,bourbon
308,4,cracker
308,5,chicken
308,6,sardines
308,7,ham
309,1,baguette
309,2,soda
309,3,hering
309,4,cracker
309,5,heineken
309,6,turkey
309,7,steak
310,1,hering
310,2,corned_b
310,3,olives
310,4,ham
310,5,turkey
310,6,coke
310,7,sardines
311,1,baguette
311,2,soda
311,3,hering
311,4,cracker
311,5,heineken
311,6,apples
311,7,ham
312,1,baguette
312,2,sardines
312,3,apples
312,4,peppers
312,5,avocado
312,6,soda
312,7,chicken
313,1,hering
313,2,corned_b
313,3,apples
313,4,olives
313,5,steak
313,6,heineken
313,7,sardines
314,1,hering
314,2,corned_b
314,3,apples
314,4,olives
314,5,steak
314,6,turkey
314,7,coke
315,1,hering
315,2,corned_b
315,3,olives
315,4,ham
315,5,turkey
315,6,apples
315,7,steak
316,1,olives
316,2,bourbon
316,3,coke
316,4,turkey
316,5,ice_crea
316,6,ham
316,7,corned_b
317,1,olives
317,2,bourbon
317,3,coke
317,4,turkey
317,5,ice_crea
317,6,heineken
317,7,baguette
318,1,hering
318,2,corned_b
318,3,olives
318,4,ham
318,5,turkey
318,6,cracker
318,7,avocado
319,1,baguette
319,2,hering
319,3,avocado
319,4,artichok
319,5,heineken
319,6,peppers
319,7,steak
320,1,corned_b
320,2,peppers
320,3,bourbon
320,4,cracker
320,5,chicken
320,6,olives
320,7,turkey
321,1,baguette
321,2,sardines
321,3,apples
321,4,peppers
321,5,avocado
321,6,bordeaux
321,7,heineken
322,1,hering
322,2,corned_b
322,3,olives
322,4,ham
322,5,turkey
322,6,steak
322,7,steak
323,1,baguette
323,2,soda
323,3,hering
323,4,cracker
323,5,heineken
323,6,peppers
323,7,peppers
324,1,sardines
324,2,heineken
324,3,chicken
324,4,coke
324,5,ice_crea
324,6,ham
324,7,bourbon
325,1,sardines
325,2,heineken
325,3,chicken
325,4,coke
325,5,ice_crea
325,6,soda
325,7,avocado
326,1,corned_b
326,2,peppers
326,3,bourbon
326,4,cracker
326,5,chicken
326,6,turkey
326,7,coke
327,1,soda
327,2,olives
327,3,bourbon
327,4,cracker
327,5,heineken
327,6,corned_b
327,7,peppers
328,1,soda
328,2,olives
328,3,bourbon
328,4,cracker
328,5,heineken
328,6,bordeaux
328,7,artichok
329,1,avocado
329,2,cracker
329,3,artichok
329,4,heineken
329,5,ham
329,6,coke
329,7,ice_crea
330,1,hering
330,2,corned_b
330,3,olives
330,4,ham
330,5,turkey
330,6,soda
330,7,apples
331,1,corned_b
331,2,peppers
331,3,bourbon
331,4,cracker
331,5,chicken
331,6,heineken
331,7,apples
332,1,baguette
332,2,soda
332,3,hering
332,4,cracker
332,5,heineken
332,6,chicken
332,7,olives
333,1,baguette
333,2,soda
333,3,hering
333,4,cracker
333,5,heineken
333,6,turkey
333,7,sardines
334,1,olives
334,2,bourbon
334,3,coke
334,4,turkey
334,5,ice_crea
334,6,cracker
334,7,heineken
335,1,soda
335,2,olives
335,3,bourbon
335,4,cracker
335,5,heineken
335,6,bordeaux
335,7,chicken
336,1,baguette
336,2,hering
336,3,avocado
336,4,artichok
336,5,heineken
336,6,corned_b
336,7,apples
337,1,sardines
337,2,heineken
337,3,chicken
337,4,coke
337,5,ice_crea
337,6,corned_b
337,7,olives
338,1,corned_b
338,2,peppers
338,3,bourbon
338,4,cracker
338,5,chicken
338,6,baguette
338,7,ham
339,1,hering
339,2,corned_b
339,3,olives
339,4,ham
339,5,turkey
339,6,steak
339,7,chicken
340,1,sardines
340,2,heineken
340,3,chicken
340,4,coke
340,5,ice_crea
340,6,avocado
340,7,ham
341,1,olives
341,2,bourbon
341,3,coke
341,4,turkey
341,5,ice_crea
341,6,peppers
341,7,hering
342,1,soda
342,2,olives
342,3,bourbon
342,4,cracker
342,5,heineken
342,6,hering
342,7,apples
343,1,hering
343,2,corned_b
343,3,apples
343,4,olives
343,5,steak
343,6,cracker
343,7,ice_crea
344,1,baguette
344,2,soda
344,3,hering
344,4,cracker
344,5,heineken
344,6,peppers
344,7,ice_crea
345,1,baguette
345,2,soda
345,3,hering
345,4,cracker
345,5,heineken
345,6,coke
345,7,olives
346,1,corned_b
346,2,peppers
346,3,bourbon
346,4,cracker
346,5,chicken
346,6,ham
346,7,heineken
347,1,baguette
347,2,sardines
347,3,apples
347,4,peppers
347,5,avocado
347,6,olives
347,7,heineken
348,1,olives
348,2,bourbon
348,3,coke
348,4,turkey
348,5,ice_crea
348,6,corned_b
348,7,sardines
349,1,sardines
349,2,heineken
349,3,chicken
349,4,coke
349,5,ice_crea
349,6,soda
349,7,bourbon
350,1,baguette
350,2,soda
350,3,hering
350,4,cracker
350,5,heineken
350,6,corned_b
350,7,ham
351,1,soda
351,2,olives
351,3,bourbon
351,4,cracker
351,5,heineken
351,6,steak
351,7,hering
352,1,baguette
352,2,soda
352,3,hering
352,4,cracker
352,5,heineken
352,6,corned_b
352,7,sardines
353,1,avocado
353,2,cracker
353,3,artichok
353,4,heineken
353,5,ham
353,6,bourbon
353,7,peppers
354,1,soda
354,2,olives
354,3,bourbon
354,4,cracker
354,5,heineken
354,6,apples
354,7,sardines
355,1,baguette
355,2,hering
355,3,avocado
355,4,artichok
355,5,heineken
355,6,bourbon
355,7,bourbon
356,1,baguette
356,2,hering
356,3,avocado
356,4,artichok
356,5,heineken
356,6,sardines
356,7,corned_b
357,1,hering
357,2,corned_b
357,3,olives
357,4,ham
357,5,turkey
357,6,artichok
357,7,cracker
358,1,baguette
358,2,hering
358,3,avocado
358,4,artichok
358,5,heineken
358,6,olives
358,7,corned_b
359,1,corned_b
359,2,peppers
359,3,bourbon
359,4,cracker
359,5,chicken
359,6,olives
359,7,ham
360,1,avocado
360,2,cracker
360,3,artichok
360,4,heineken
360,5,ham
360,6,baguette
360,7,corned_b
361,1,hering
361,2,corned_b
361,3,apples
361,4,olives
361,5,steak
361,6,cracker
361,7,coke
362,1,baguette
362,2,hering
362,3,avocado
362,4,artichok
362,5,heineken
362,6,bourbon
362,7,corned_b
363,1,baguette
363,2,sardines
363,3,apples
363,4,peppers
363,5,avocado
363,6,turkey
363,7,turkey
364,1,corned_b
364,2,peppers
364,3,bourbon
364,4,cracker
364,5,chicken
364,6,olives
364,7,olives
365,1,corned_b
365,2,peppers
365,3,bourbon
365,4,cracker
365,5,chicken
365,6,olives
365,7,ice_crea
366,1,sardines
366,2,heineken
366,3,chicken
366,4,coke
366,5,ice_crea
366,6,bordeaux
366,7,baguette
367,1,hering
367,2,corned_b
367,3,apples
367,4,olives
367,5,steak
367,6,ham
367,7,avocado
368,1,hering
368,2,corned_b
368,3,olives
368,4,ham
368,5,turkey
368,6,soda
368,7,steak
369,1,baguette
369,2,hering
369,3,avocado
369,4,artichok
369,5,heineken
369,6,bourbon
369,7,turkey
370,1,baguette
370,2,soda
370,3,hering
370,4,cracker
370,5,heineken
370,6,ice_crea
370,7,steak
371,1,soda
371,2,olives
371,3,bourbon
371,4,cracker
371,5,heineken
371,6,bordeaux
371,7,baguette
372,1,sardines
372,2,heineken
372,3,chicken
372,4,coke
372,5,ice_crea
372,6,turkey
372,7,ham
373,1,olives
373,2,bourbon
373,3,coke
373,4,turkey
373,5,ice_crea
373,6,peppers
373,7,chicken
374,1,baguette
374,2,soda
374,3,hering
374,4,cracker
374,5,heineken
374,6,olives
374,7,olives
375,1,hering
375,2,corned_b
375,3,apples
375,4,olives
375,5,steak
375,6,coke
375,7,cracker
376,1,avocado
376,2,cracker
376,3,artichok
376,4,heineken
376,5,ham
376,6,soda
376,7,peppers
377,1,baguette
377,2,hering
377,3,avocado
377,4,artichok
377,5,heineken
377,6,turkey
377,7,bourbon
378,1,avocado
378,2,cracker
378,3,artichok
378,4,heineken
378,5,ham
378,6,sardines
378,7,turkey
379,1,baguette
379,2,hering
379,3,avocado
379,4,artichok
379,5,heineken
379,6,bordeaux
379,7,soda
380,1,hering
380,2,corned_b
380,3,olives
380,4,ham
380,5,turkey
380,6,heineken
380,7,heineken
381,1,baguette
381,2,sardines
381,3,apples
381,4,peppers
381,5,avocado
381,6,bordeaux
381,7,coke
382,1,soda
382,2,olives
382,3,bourbon
382,4,cracker
382,5,heineken
382,6,turkey
382,7,chicken
383,1,corned_b
383,2,peppers
383,3,bourbon
383,4,cracker
383,5,chicken
383,6,ham
383,7,avocado
384,1,baguette
384,2,sardines
384,3,apples
384,4,peppers
384,5,avocado
384,6,soda
384,7,steak
385,1,avocado
385,2,cracker
385,3,artichok
385,4,heineken
385,5,ham
385,6,apples
385,7,soda
386,1,hering
386,2,corned_b
386,3,olives
386,4,ham
386,5,turkey
386,6,baguette
386,7,ice_crea
387,1,hering
387,2,corned_b
387,3,olives
387,4,ham
387,5,turkey
387,6,soda
387,7,avocado
388,1,sardines
388,2,heineken
388,3,chicken
388,4,coke
388,5,ice_crea
388,6,cracker
388,7,peppers
389,1,hering
389,2,corned_b
389,3,olives
389,4,ham
389,5,turkey
389,6,peppers
389,7,avocado
390,1,baguette
390,2,soda
390,3,hering
390,4,cracker
390,5,heineken
390,6,peppers
390,7,apples
391,1,olives
391,2,bourbon
391,3,coke
391,4,turkey
391,5,ice_crea
391,6,ham
391,7,baguette
392,1,baguette
392,2,sardines
392,3,apples
392,4,peppers
392,5,avocado
392,6,olives
392,7,ice_crea
393,1,baguette
393,2,hering
393,3,avocado
393,4,artichok
393,5,heineken
393,6,peppers
393,7,ham
394,1,baguette
394,2,soda
394,3,hering
394,4,cracker
394,5,heineken
394,6,bourbon
394,7,corned_b
395,1,avocado
395,2,cracker
395,3,artichok
395,4,heineken
395,5,ham
395,6,chicken
395,7,soda
396,1,baguette
396,2,soda
396,3,hering
396,4,cracker
396,5,heineken
396,6,peppers
396,7,bourbon
397,1,baguette
397,2,sardines
397,3,apples
397,4,peppers
397,5,avocado
397,6,bordeaux
397,7,coke
398,1,hering
398,2,corned_b
398,3,olives
398,4,ham
398,5,turkey
398,6,bordeaux
398,7,peppers
399,1,soda
399,2,olives
399,3,bourbon
399,4,cracker
399,5,heineken
399,6,coke
399,7,corned_b
400,1,avocado
400,2,cracker
400,3,artichok
400,4,heineken
400,5,ham
400,6,ice_crea
400,7,bourbon
401,1,soda
401,2,olives
401,3,bourbon
401,4,cracker
401,5,heineken
401,6,corned_b
401,7,ham
402,1,soda
402,2,olives
402,3,bourbon
402,4,cracker
402,5,heineken
402,6,hering
402,7,coke
403,1,hering
403,2,corned_b
403,3,olives
403,4,ham
403,5,turkey
403,6,bordeaux
403,7,ice_crea
404,1,baguette
404,2,sardines
404,3,apples
404,4,peppers
404,5,avocado
404,6,heineken
404,7,corned_b
405,1,corned_b
405,2,peppers
405,3,bourbon
405,4,cracker
405,5,chicken
405,6,heineken
405,7,apples
406,1,baguette
406,2,hering
406,3,avocado
406,4,artichok
406,5,heineken
406,6,steak
406,7,apples
407,1,soda
407,2,olives
407,3,bourbon
407,4,cracker
407,5,heineken
407,6,steak
407,7,artichok
408,1,baguette
408,2,hering
408,3,avocado
408,4,artichok
408,5,heineken
408,6,steak
408,7,turkey
409,1,corned_b
409,2,peppers
409,3,bourbon
409,4,cracker
409,5,chicken
409,6,ice_crea
409,7,apples
410,1,baguette
410,2,sardines
410,3,apples
410,4,peppers
410,5,avocado
410,6,hering
410,7,cracker
411,1,baguette
411,2,soda
411,3,hering
411,4,cracker
411,5,heineken
411,6,steak
411,7,steak
412,1,baguette
412,2,hering
412,3,avocado
412,4,artichok
412,5,heineken
412,6,coke
412,7,turkey
413,1,baguette
413,2,hering
413,3,avocado
413,4,artichok
413,5,heineken
413,6,soda
413,7,olives
414,1,corned_b
414,2,peppers
414,3,bourbon
414,4,cracker
414,5,chicken
414,6,apples
414,7,steak
415,1,hering
415,2,corned_b
415,3,olives
415,4,ham
415,5,turkey
415,6,steak
415,7,sardines
416,1,avocado
416,2,cracker
416,3,artichok
416,4,heineken
416,5,ham
416,6,olives
416,7,ice_crea
417,1,hering
417,2,corned_b
417,3,olives
417,4,ham
417,5,turkey
417,6,cracker
417,7,avocado
418,1,olives
418,2,bourbon
418,3,coke
418,4,turkey
418,5,ice_crea
418,6,hering
418,7,heineken
419,1,hering
419,2,corned_b
419,3,apples
419,4,olives
419,5,steak
419,6,bourbon
419,7,chicken
420,1,baguette
420,2,soda
420,3,hering
420,4,cracker
420,5,heineken
420,6,apples
420,7,coke
421,1,sardines
421,2,heineken
421,3,chicken
421,4,coke
421,5,ice_crea
421,6,baguette
421,7,turkey
422,1,corned_b
422,2,peppers
422,3,bourbon
422,4,cracker
422,5,chicken
422,6,heineken
422,7,artichok
423,1,baguette
423,2,soda
423,3,hering
423,4,cracker
423,5,heineken
423,6,apples
423,7,sardines
424,1,hering
424,2,corned_b
424,3,olives
424,4,ham
424,5,turkey
424,6,artichok
424,7,avocado
425,1,sardines
425,2,heineken
425,3,chicken
425,4,coke
425,5,ice_crea
425,6,bordeaux
425,7,hering
426,1,baguette
426,2,sardines
426,3,apples
426,4,peppers
426,5,avocado
426,6,soda
426,7,ice_crea
427,1,baguette
427,2,soda
427,3,hering
427,4,cracker
427,5,heineken
427,6,artichok
427,7,apples
428,1,avocado
428,2,cracker
428,3,artichok
428,4,heineken
428,5,ham
428,6,hering
428,7,turkey
429,1,hering
429,2,corned_b
429,3,apples
429,4,olives
429,5,steak
429,6,chicken
429,7,soda
430,1,avocado
430,2,cracker
430,3,artichok
430,4,heineken
430,5,ham
430,6,coke
430,7,soda
431,1,hering
431,2,corned_b
431,3,olives
431,4,ham
431,5,turkey
431,6,avocado
431,7,soda
432,1,soda
432,2,olives
432,3,bourbon
432,4,cracker
432,5,heineken
432,6,chicken
432,7,apples
433,1,baguette
433,2,hering
433,3,avocado
433,4,artichok
433,5,heineken
433,6,sardines
433,7,peppers
434,1,sardines
434,2,heineken
434,3,chicken
434,4,coke
434,5,ice_crea
434,6,cracker
434,7,baguette
435,1,sardines
435,2,heineken
435,3,chicken
435,4,coke
435,5,ice_crea
435,6,corned_b
435,7,bourbon
436,1,olives
436,2,bourbon
436,3,coke
436,4,turkey
436,5,ice_crea
436,6,peppers
436,7,apples
437,1,avocado
437,2,cracker
437,3,artichok
437,4,heineken
437,5,ham
437,6,ice_crea
437,7,bourbon
438,1,baguette
438,2,soda
438,3,hering
438,4,cracker
438,5,heineken
438,6,avocado
438,7,peppers
439,1,sardines
439,2,heineken
439,3,chicken
439,4,coke
439,5,ice_crea
439,6,peppers
439,7,peppers
440,1,avocado
440,2,cracker
440,3,artichok
440,4,heineken
440,5,ham
440,6,corned_b
440,7,chicken
441,1,corned_b
441,2,peppers
441,3,bourbon
441,4,cracker
441,5,chicken
441,6,baguette
441,7,steak
442,1,baguette
442,2,soda
442,3,hering
442,4,cracker
442,5,heineken
442,6,bourbon
442,7,peppers
443,1,baguette
443,2,hering
443,3,avocado
443,4,artichok
443,5,heineken
443,6,turkey
443,7,apples
444,1,olives
444,2,bourbon
444,3,coke
444,4,turkey
444,5,ice_crea
444,6,steak
444,7,chicken
445,1,baguette
445,2,hering
445,3,avocado
445,4,artichok
445,5,heineken
445,6,ham
445,7,bourbon
446,1,baguette
446,2,soda
446,3,hering
446,4,cracker
446,5,heineken
446,6,ham
446,7,apples
447,1,avocado
447,2,cracker
447,3,artichok
447,4,heineken
447,5,ham
447,6,bordeaux
447,7,soda
448,1,hering
448,2,corned_b
448,3,apples
448,4,olives
448,5,steak
448,6,soda
448,7,coke
449,1,baguette
449,2,soda
449,3,hering
449,4,cracker
449,5,heineken
449,6,avocado
449,7,bourbon
450,1,sardines
450,2,heineken
450,3,chicken
450,4,coke
450,5,ice_crea
450,6,artichok
450,7,baguette
451,1,soda
451,2,olives
451,3,bourbon
451,4,cracker
451,5,heineken
451,6,corned_b
451,7,artichok
452,1,baguette
452,2,soda
452,3,hering
452,4,cracker
452,5,heineken
452,6,corned_b
452,7,olives
453,1,avocado
453,2,cracker
453,3,artichok
453,4,heineken
453,5,ham
453,6,coke
453,7,ice_crea
454,1,olives
454,2,bourbon
454,3,coke
454,4,turkey
454,5,ice_crea
454,6,bordeaux
454,7,apples
455,1,sardines
455,2,heineken
455,3,chicken
455,4,coke
455,5,ice_crea
455,6,ham
455,7,peppers
456,1,baguette
456,2,hering
456,3,avocado
456,4,artichok
456,5,heineken
456,6,sardines
456,7,apples
457,1,avocado
457,2,cracker
457,3,artichok
457,4,heineken
457,5,ham
457,6,steak
457,7,steak
458,1,sardines
458,2,heineken
458,3,chicken
458,4,coke
458,5,ice_crea
458,6,turkey
458,7,bourbon
459,1,olives
459,2,bourbon
459,3,coke
459,4,turkey
459,5,ice_crea
459,6,artichok
459,7,heineken
460,1,soda
460,2,olives
460,3,bourbon
460,4,cracker
460,5,heineken
460,6,chicken
460,7,baguette
461,1,sardines
461,2,heineken
461,3,chicken
461,4,coke
461,5,ice_crea
461,6,apples
461,7,cracker
462,1,baguette
462,2,sardines
462,3,apples
462,4,peppers
462,5,avocado
462,6,heineken
462,7,corned_b
463,1,baguette
463,2,soda
463,3,hering
463,4,cracker
463,5,heineken
463,6,ham
463,7,sardines
464,1,baguette
464,2,sardines
464,3,apples
464,4,peppers
464,5,avocado
464,6,hering
464,7,soda
465,1,avocado
465,2,cracker
465,3,artichok
465,4,heineken
465,5,ham
465,6,turkey
465,7,ice_crea
466,1,corned_b
466,2,peppers
466,3,bourbon
466,4,cracker
466,5,chicken
466,6,soda
466,7,ham
467,1,olives
467,2,bourbon
467,3,coke
467,4,turkey
467,5,ice_crea
467,6,cracker
467,7,baguette
468,1,baguette
468,2,soda
468,3,hering
468,4,cracker
468,5,heineken
468,6,corned_b
468,7,ice_crea
469,1,corned_b
469,2,peppers
469,3,bourbon
469,4,cracker
469,5,chicken
469,6,artichok
469,7,artichok
470,1,baguette
470,2,soda
470,3,hering
470,4,cracker
470,5,heineken
470,6,corned_b
470,7,ham
471,1,soda
471,2,olives
471,3,bourbon
471,4,cracker
471,5,heineken
471,6,ice_crea
471,7,turkey
472,1,baguette
472,2,sardines
472,3,apples
472,4,peppers
472,5,avocado
472,6,corned_b
472,7,olives
473,1,soda
473,2,olives
473,3,bourbon
473,4,cracker
473,5,heineken
473,6,artichok
473,7,ham
474,1,hering
474,2,corned_b
474,3,apples
474,4,olives
474,5,steak
474,6,peppers
474,7,bourbon
475,1,soda
475,2,olives
475,3,bourbon
475,4,cracker
475,5,heineken
475,6,peppers
475,7,artichok
476,1,hering
476,2,corned_b
476,3,olives
476,4,ham
476,5,turkey
476,6,bordeaux
476,7,baguette
477,1,avocado
477,2,cracker
477,3,artichok
477,4,heineken
477,5,ham
477,6,sardines
477,7,ice_crea
478,1,baguette
478,2,soda
478,3,hering
478,4,cracker
478,5,heineken
478,6,steak
478,7,steak
479,1,avocado
479,2,cracker
479,3,artichok
479,4,heineken
479,5,ham
479,6,hering
479,7,peppers
480,1,olives
480,2,bourbon
480,3,coke
480,4,turkey
480,5,ice_crea
480,6,chicken
480,7,chicken
481,1,hering
481,2,corned_b
481,3,apples
481,4,olives
481,5,steak
481,6,chicken
481,7,ice_crea
482,1,hering
482,2,corned_b
482,3,olives
482,4,ham
482,5,turkey
482,6,avocado
482,7,apples
483,1,baguette
483,2,soda
483,3,hering
483,4,cracker
483,5,heineken
483,6,steak
483,7,ham
484,1,hering
484,2,corned_b
484,3,olives
484,4,ham
484,5,turkey
484,6,coke
484,7,ice_crea
485,1,baguette
485,2,sardines
485,3,apples
485,4,peppers
485,5,avocado
485,6,bourbon
485,7,cracker
486,1,baguette
486,2,soda
486,3,hering
486,4,cracker
486,5,heineken
486,6,steak
486,7,avocado
487,1,hering
487,2,corned_b
487,3,apples
487,4,olives
487,5,steak
487,6,chicken
487,7,turkey
488,1,baguette
488,2,soda
488,3,hering
488,4,cracker
488,5,heineken
488,6,corned_b
488,7,turkey
489,1,sardines
489,2,heineken
489,3,chicken
489,4,coke
489,5,ice_crea
489,6,ham
489,7,corned_b
490,1,hering
490,2,corned_b
490,3,olives
490,4,ham
490,5,turkey
490,6,bordeaux
490,7,peppers
491,1,corned_b
491,2,peppers
491,3,bourbon
491,4,cracker
491,5,chicken
491,6,ice_crea
491,7,hering
492,1,hering
492,2,corned_b
492,3,apples
492,4,olives
492,5,steak
492,6,avocado
492,7,peppers
493,1,hering
493,2,corned_b
493,3,apples
493,4,olives
493,5,steak
493,6,artichok
493,7,ice_crea
494,1,sardines
494,2,heineken
494,3,chicken
494,4,coke
494,5,ice_crea
494,6,olives
494,7,bourbon
495,1,avocado
495,2,cracker
495,3,artichok
495,4,heineken
495,5,ham
495,6,bourbon
495,7,soda
496,1,corned_b
496,2,peppers
496,3,bourbon
496,4,cracker
496,5,chicken
496,6,olives
496,7,artichok
497,1,baguette
497,2,hering
497,3,avocado
497,4,artichok
497,5,heineken
497,6,olives
497,7,apples
498,1,sardines
498,2,heineken
498,3,chicken
498,4,coke
498,5,ice_crea
498,6,avocado
498,7,peppers
499,1,hering
499,2,corned_b
499,3,olives
499,4,ham
499,5,turkey
499,6,steak
499,7,apples
500,1,sardines
500,2,heineken
500,3,chicken
500,4,coke
500,5,ice_crea
500,6,hering
500,7,hering
501,1,sardines
501,2,heineken
501,3,chicken
501,4,coke
501,5,ice_crea
501,6,apples
501,7,corned_b
502,1,hering
502,2,corned_b
502,3,apples
502,4,olives
502,5,steak
502,6,turkey
502,7,ice_crea
503,1,baguette
503,2,hering
503,3,avocado
503,4,artichok
503,5,heineken
503,6,apples
503,7,peppers
504,1,sardines
504,2,heineken
504,3,chicken
504,4,coke
504,5,ice_crea
504,6,baguette
504,7,hering
505,1,soda
505,2,olives
505,3,bourbon
505,4,cracker
505,5,heineken
505,6,chicken
505,7,ice_crea
506,1,baguette
506,2,sardines
506,3,apples
506,4,peppers
506,5,avocado
506,6,turkey
506,7,ham
507,1,baguette
507,2,soda
507,3,hering
507,4,cracker
507,5,heineken
507,6,artichok
507,7,turkey
508,1,baguette
508,2,hering
508,3,avocado
508,4,artichok
508,5,heineken
508,6,cracker
508,7,chicken
509,1,avocado
509,2,cracker
509,3,artichok
509,4,heineken
509,5,ham
509,6,ice_crea
509,7,corned_b
510,1,olives
510,2,bourbon
510,3,coke
510,4,turkey
510,5,ice_crea
510,6,heineken
510,7,steak
511,1,baguette
511,2,sardines
511,3,apples
511,4,peppers
511,5,avocado
511,6,steak
511,7,heineken
512,1,avocado
512,2,cracker
512,3,artichok
512,4,heineken
512,5,ham
512,6,coke
512,7,apples
513,1,corned_b
513,2,peppers
513,3,bourbon
513,4,cracker
513,5,chicken
513,6,heineken
513,7,avocado
514,1,soda
514,2,olives
514,3,bourbon
514,4,cracker
514,5,heineken
514,6,hering
514,7,steak
515,1,olives
515,2,bourbon
515,3,coke
515,4,turkey
515,5,ice_crea
515,6,baguette
515,7,chicken
516,1,baguette
516,2,soda
516,3,hering
516,4,cracker
516,5,heineken
516,6,sardines
516,7,olives
517,1,olives
517,2,bourbon
517,3,coke
517,4,turkey
517,5,ice_crea
517,6,hering
517,7,heineken
518,1,soda
518,2,olives
518,3,bourbon
518,4,cracker
518,5,heineken
518,6,peppers
518,7,ham
519,1,corned_b
519,2,peppers
519,3,bourbon
519,4,cracker
519,5,chicken
519,6,soda
519,7,sardines
520,1,sardines
520,2,heineken
520,3,chicken
520,4,coke
520,5,ice_crea
520,6,soda
520,7,baguette
521,1,corned_b
521,2,peppers
521,3,bourbon
521,4,cracker
521,5,chicken
521,6,artichok
521,7,coke
522,1,sardines
522,2,heineken
522,3,chicken
522,4,coke
522,5,ice_crea
522,6,artichok
522,7,bourbon
523,1,olives
523,2,bourbon
523,3,coke
523,4,turkey
523,5,ice_crea
523,6,avocado
523,7,sardines
524,1,baguette
524,2,sardines
524,3,apples
524,4,peppers
524,5,avocado
524,6,cracker
524,7,cracker
525,1,avocado
525,2,cracker
525,3,artichok
525,4,heineken
525,5,ham
525,6,peppers
525,7,coke
526,1,hering
526,2,corned_b
526,3,apples
526,4,olives
526,5,steak
526,6,bordeaux
526,7,avocado
527,1,baguette
527,2,hering
527,3,avocado
527,4,artichok
527,5,heineken
527,6,peppers
527,7,ham
528,1,baguette
528,2,sardines
528,3,apples
528,4,peppers
528,5,avocado
528,6,heineken
528,7,ham
529,1,baguette
529,2,hering
529,3,avocado
529,4,artichok
529,5,heineken
529,6,bourbon
529,7,chicken
530,1,baguette
530,2,soda
530,3,hering
530,4,cracker
530,5,heineken
530,6,sardines
530,7,artichok
531,1,sardines
531,2,heineken
531,3,chicken
531,4,coke
531,5,ice_crea
531,6,artichok
531,7,turkey
532,1,corned_b
532,2,peppers
532,3,bourbon
532,4,cracker
532,5,chicken
532,6,hering
532,7,artichok
533,1,soda
533,2,olives
533,3,bourbon
533,4,cracker
533,5,heineken
533,6,ice_crea
533,7,ice_crea
534,1,baguette
534,2,sardines
534,3,apples
534,4,peppers
534,5,avocado
534,6,corned_b
534,7,cracker
535,1,olives
535,2,bourbon
535,3,coke
535,4,turkey
535,5,ice_crea
535,6,artichok
535,7,cracker
536,1,avocado
536,2,cracker
536,3,artichok
536,4,heineken
536,5,ham
536,6,peppers
536,7,steak
537,1,hering
537,2,corned_b
537,3,olives
537,4,ham
537,5,turkey
537,6,bourbon
537,7,sardines
538,1,avocado
538,2,cracker
538,3,artichok
538,4,heineken
538,5,ham
538,6,peppers
538,7,ice_crea
539,1,olives
539,2,bourbon
539,3,coke
539,4,turkey
539,5,ice_crea
539,6,steak
539,7,ham
540,1,baguette
540,2,hering
540,3,avocado
540,4,artichok
540,5,heineken
540,6,coke
540,7,ice_crea
541,1,soda
541,2,olives
541,3,bourbon
541,4,cracker
541,5,heineken
541,6,turkey
541,7,hering
542,1,hering
542,2,corned_b
542,3,apples
542,4,olives
542,5,steak
542,6,ham
542,7,baguette
543,1,hering
543,2,corned_b
543,3,olives
543,4,ham
543,5,turkey
543,6,heineken
543,7,soda
544,1,hering
544,2,corned_b
544,3,olives
544,4,ham
544,5,turkey
544,6,peppers
544,7,baguette
545,1,hering
545,2,corned_b
545,3,olives
545,4,ham
545,5,turkey
545,6,coke
545,7,bourbon
546,1,hering
546,2,corned_b
546,3,apples
546,4,olives
546,5,steak
546,6,sardines
546,7,turkey
547,1,soda
547,2,olives
547,3,bourbon
547,4,cracker
547,5,heineken
547,6,apples
547,7,artichok
548,1,hering
548,2,corned_b
548,3,olives
548,4,ham
548,5,turkey
548,6,heineken
548,7,cracker
549,1,avocado
549,2,cracker
549,3,artichok
549,4,heineken
549,5,ham
549,6,olives
549,7,coke
550,1,hering
550,2,corned_b
550,3,apples
550,4,olives
550,5,steak
550,6,soda
550,7,coke
551,1,baguette
551,2,hering
551,3,avocado
551,4,artichok
551,5,heineken
551,6,ham
551,7,ice_crea
552,1,baguette
552,2,hering
552,3,avocado
552,4,artichok
552,5,heineken
552,6,ice_crea
552,7,steak
553,1,baguette
553,2,soda
553,3,hering
553,4,cracker
553,5,heineken
553,6,peppers
553,7,coke
554,1,corned_b
554,2,peppers
554,3,bourbon
554,4,cracker
554,5,chicken
554,6,heineken
554,7,sardines
555,1,sardines
555,2,heineken
555,3,chicken
555,4,coke
555,5,ice_crea
555,6,olives
555,7,ham
556,1,hering
556,2,corned_b
556,3,apples
556,4,olives
556,5,steak
556,6,avocado
556,7,ham
557,1,hering
557,2,corned_b
557,3,apples
557,4,olives
557,5,steak
557,6,bordeaux
557,7,artichok
558,1,hering
558,2,corned_b
558,3,olives
558,4,ham
558,5,turkey
558,6,bourbon
558,7,cracker
559,1,baguette
559,2,soda
559,3,hering
559,4,cracker
559,5,heineken
559,6,sardines
559,7,avocado
560,1,sardines
560,2,heineken
560,3,chicken
560,4,coke
560,5,ice_crea
560,6,bordeaux
560,7,steak
561,1,avocado
561,2,cracker
561,3,artichok
561,4,heineken
561,5,ham
561,6,bordeaux
561,7,ice_crea
562,1,sardines
562,2,heineken
562,3,chicken
562,4,coke
562,5,ice_crea
562,6,soda
562,7,ham
563,1,hering
563,2,corned_b
563,3,olives
563,4,ham
563,5,turkey
563,6,baguette
563,7,artichok
564,1,baguette
564,2,hering
564,3,avocado
564,4,artichok
564,5,heineken
564,6,peppers
564,7,peppers
565,1,baguette
565,2,sardines
565,3,apples
565,4,peppers
565,5,avocado
565,6,corned_b
565,7,olives
566,1,baguette
566,2,sardines
566,3,apples
566,4,peppers
566,5,avocado
566,6,soda
566,7,olives
567,1,baguette
567,2,soda
567,3,hering
567,4,cracker
567,5,heineken
567,6,chicken
567,7,olives
568,1,baguette
568,2,soda
568,3,hering
568,4,cracker
568,5,heineken
568,6,bourbon
568,7,sardines
569,1,sardines
569,2,heineken
569,3,chicken
569,4,coke
569,5,ice_crea
569,6,bourbon
569,7,soda
570,1,baguette
570,2,soda
570,3,hering
570,4,cracker
570,5,heineken
570,6,olives
570,7,avocado
571,1,sardines
571,2,heineken
571,3,chicken
571,4,coke
571,5,ice_crea
571,6,avocado
571,7,olives
572,1,avocado
572,2,cracker
572,3,artichok
572,4,heineken
572,5,ham
572,6,bourbon
572,7,ice_crea
573,1,baguette
573,2,soda
573,3,hering
573,4,cracker
573,5,heineken
573,6,chicken
573,7,steak
574,1,hering
574,2,corned_b
574,3,olives
574,4,ham
574,5,turkey
574,6,artichok
574,7,steak
575,1,baguette
575,2,soda
575,3,hering
575,4,cracker
575,5,heineken
575,6,apples
575,7,steak
576,1,baguette
576,2,sardines
576,3,apples
576,4,peppers
576,5,avocado
576,6,turkey
576,7,corned_b
577,1,olives
577,2,bourbon
577,3,coke
577,4,turkey
577,5,ice_crea
577,6,bordeaux
577,7,corned_b
578,1,sardines
578,2,heineken
578,3,chicken
578,4,coke
578,5,ice_crea
578,6,artichok
578,7,steak
579,1,soda
579,2,olives
579,3,bourbon
579,4,cracker
579,5,heineken
579,6,bordeaux
579,7,chicken
580,1,corned_b
580,2,peppers
580,3,bourbon
580,4,cracker
580,5,chicken
580,6,coke
580,7,soda
581,1,hering
581,2,corned_b
581,3,olives
581,4,ham
581,5,turkey
581,6,soda
581,7,cracker
582,1,hering
582,2,corned_b
582,3,apples
582,4,olives
582,5,steak
582,6,baguette
582,7,peppers
583,1,baguette
583,2,sardines
583,3,apples
583,4,peppers
583,5,avocado
583,6,hering
583,7,ice_crea
584,1,corned_b
584,2,peppers
584,3,bourbon
584,4,cracker
584,5,chicken
584,6,bordeaux
584,7,ice_crea
585,1,corned_b
585,2,peppers
585,3,bourbon
585,4,cracker
585,5,chicken
585,6,steak
585,7,baguette
586,1,corned_b
586,2,peppers
586,3,bourbon
586,4,cracker
586,5,chicken
586,6,baguette
586,7,ham
587,1,baguette
587,2,sardines
587,3,apples
587,4,peppers
587,5,avocado
587,6,artichok
587,7,cracker
588,1,corned_b
588,2,peppers
588,3,bourbon
588,4,cracker
588,5,chicken
588,6,apples
588,7,baguette
589,1,baguette
589,2,sardines
589,3,apples
589,4,peppers
589,5,avocado
589,6,bourbon
589,7,bourbon
590,1,hering
590,2,corned_b
590,3,olives
590,4,ham
590,5,turkey
590,6,bourbon
590,7,peppers
591,1,olives
591,2,bourbon
591,3,coke
591,4,turkey
591,5,ice_crea
591,6,peppers
591,7,soda
592,1,hering
592,2,corned_b
592,3,apples
592,4,olives
592,5,steak
592,6,bourbon
592,7,avocado
593,1,avocado
593,2,cracker
593,3,artichok
593,4,heineken
593,5,ham
593,6,turkey
593,7,hering
594,1,corned_b
594,2,peppers
594,3,bourbon
594,4,cracker
594,5,chicken
594,6,ham
594,7,steak
595,1,sardines
595,2,heineken
595,3,chicken
595,4,coke
595,5,ice_crea
595,6,cracker
595,7,baguette
596,1,sardines
596,2,heineken
596,3,chicken
596,4,coke
596,5,ice_crea
596,6,olives
596,7,peppers
597,1,baguette
597,2,soda
597,3,hering
597,4,cracker
597,5,heineken
597,6,artichok
597,7,peppers
598,1,baguette
598,2,sardines
598,3,apples
598,4,peppers
598,5,avocado
598,6,steak
598,7,olives
599,1,baguette
599,2,soda
599,3,hering
599,4,cracker
599,5,heineken
599,6,chicken
599,7,chicken
600,1,soda
600,2,olives
600,3,bourbon
600,4,cracker
600,5,heineken
600,6,steak
600,7,hering
601,1,olives
601,2,bourbon
601,3,coke
601,4,turkey
601,5,ice_crea
601,6,corned_b
601,7,apples
602,1,hering
602,2,corned_b
602,3,apples
602,4,olives
602,5,steak
602,6,artichok
602,7,sardines
603,1,olives
603,2,bourbon
603,3,coke
603,4,turkey
603,5,ice_crea
603,6,ham
603,7,apples
604,1,corned_b
604,2,peppers
604,3,bourbon
604,4,cracker
604,5,chicken
604,6,baguette
604,7,steak
605,1,sardines
605,2,heineken
605,3,chicken
605,4,coke
605,5,ice_crea
605,6,bordeaux
605,7,bourbon
606,1,hering
606,2,corned_b
606,3,apples
606,4,olives
606,5,steak
606,6,bourbon
606,7,coke
607,1,sardines
607,2,heineken
607,3,chicken
607,4,coke
607,5,ice_crea
607,6,peppers
607,7,bourbon
608,1,corned_b
608,2,peppers
608,3,bourbon
608,4,cracker
608,5,chicken
608,6,ham
608,7,steak
609,1,hering
609,2,corned_b
609,3,olives
609,4,ham
609,5,turkey
609,6,coke
609,7,cracker
610,1,sardines
610,2,heineken
610,3,chicken
610,4,coke
610,5,ice_crea
610,6,avocado
610,7,olives
611,1,sardines
611,2,heineken
611,3,chicken
611,4,coke
611,5,ice_crea
611,6,corned_b
611,7,turkey
612,1,baguette
612,2,hering
612,3,avocado
612,4,artichok
612,5,heineken
612,6,chicken
612,7,apples
613,1,avocado
613,2,cracker
613,3,artichok
613,4,heineken
613,5,ham
613,6,baguette
613,7,coke
614,1,soda
614,2,olives
614,3,bourbon
614,4,cracker
614,5,heineken
614,6,hering
614,7,peppers
615,1,olives
615,2,bourbon
615,3,coke
615,4,turkey
615,5,ice_crea
615,6,sardines
615,7,steak
616,1,soda
616,2,olives
616,3,bourbon
616,4,cracker
616,5,heineken
616,6,peppers
616,7,chicken
617,1,soda
617,2,olives
617,3,bourbon
617,4,cracker
617,5,heineken
617,6,hering
617,7,coke
618,1,soda
618,2,olives
618,3,bourbon
618,4,cracker
618,5,heineken
618,6,corned_b
618,7,steak
619,1,hering
619,2,corned_b
619,3,apples
619,4,olives
619,5,steak
619,6,avocado
619,7,peppers
620,1,olives
620,2,bourbon
620,3,coke
620,4,turkey
620,5,ice_crea
620,6,peppers
620,7,peppers
621,1,olives
621,2,bourbon
621,3,coke
621,4,turkey
621,5,ice_crea
621,6,hering
621,7,artichok
622,1,corned_b
622,2,peppers
622,3,bourbon
622,4,cracker
622,5,chicken
622,6,turkey
622,7,apples
623,1,corned_b
623,2,peppers
623,3,bourbon
623,4,cracker
623,5,chicken
623,6,baguette
623,7,coke
624,1,soda
624,2,olives
624,3,bourbon
624,4,cracker
624,5,heineken
624,6,hering
624,7,coke
625,1,corned_b
625,2,peppers
625,3,bourbon
625,4,cracker
625,5,chicken
625,6,soda
625,7,artichok
626,1,olives
626,2,bourbon
626,3,coke
626,4,turkey
626,5,ice_crea
626,6,bordeaux
626,7,cracker
627,1,baguette
627,2,soda
627,3,hering
627,4,cracker
627,5,heineken
627,6,apples
627,7,olives
628,1,baguette
628,2,hering
628,3,avocado
628,4,artichok
628,5,heineken
628,6,ice_crea
628,7,sardines
629,1,baguette
629,2,hering
629,3,avocado
629,4,artichok
629,5,heineken
629,6,chicken
629,7,turkey
630,1,baguette
630,2,soda
630,3,hering
630,4,cracker
630,5,heineken
630,6,peppers
630,7,chicken
631,1,soda
631,2,olives
631,3,bourbon
631,4,cracker
631,5,heineken
631,6,peppers
631,7,turkey
632,1,olives
632,2,bourbon
632,3,coke
632,4,turkey
632,5,ice_crea
632,6,sardines
632,7,apples
633,1,corned_b
633,2,peppers
633,3,bourbon
633,4,cracker
633,5,chicken
633,6,bordeaux
633,7,ice_crea
634,1,baguette
634,2,sardines
634,3,apples
634,4,peppers
634,5,avocado
634,6,ice_crea
634,7,ice_crea
635,1,baguette
635,2,hering
635,3,avocado
635,4,artichok
635,5,heineken
635,6,apples
635,7,soda
636,1,hering
636,2,corned_b
636,3,olives
636,4,ham
636,5,turkey
636,6,baguette
636,7,bourbon
637,1,baguette
637,2,soda
637,3,hering
637,4,cracker
637,5,heineken
637,6,coke
637,7,ice_crea
638,1,baguette
638,2,hering
638,3,avocado
638,4,artichok
638,5,heineken
638,6,olives
638,7,corned_b
639,1,avocado
639,2,cracker
639,3,artichok
639,4,heineken
639,5,ham
639,6,sardines
639,7,sardines
640,1,hering
640,2,corned_b
640,3,apples
640,4,olives
640,5,steak
640,6,sardines
640,7,chicken
641,1,baguette
641,2,sardines
641,3,apples
641,4,peppers
641,5,avocado
641,6,bordeaux
641,7,artichok
642,1,avocado
642,2,cracker
642,3,artichok
642,4,heineken
642,5,ham
642,6,sardines
642,7,steak
643,1,baguette
643,2,soda
643,3,hering
643,4,cracker
643,5,heineken
643,6,turkey
643,7,artichok
644,1,sardines
644,2,heineken
644,3,chicken
644,4,coke
644,5,ice_crea
644,6,baguette
644,7,artichok
645,1,soda
645,2,olives
645,3,bourbon
645,4,cracker
645,5,heineken
645,6,steak
645,7,chicken
646,1,baguette
646,2,sardines
646,3,apples
646,4,peppers
646,5,avocado
646,6,steak
646,7,bourbon
647,1,soda
647,2,olives
647,3,bourbon
647,4,cracker
647,5,heineken
647,6,ham
647,7,turkey
648,1,soda
648,2,olives
648,3,bourbon
648,4,cracker
648,5,heineken
648,6,steak
648,7,baguette
649,1,avocado
649,2,cracker
649,3,artichok
649,4,heineken
649,5,ham
649,6,bourbon
649,7,apples
650,1,olives
650,2,bourbon
650,3,coke
650,4,turkey
650,5,ice_crea
650,6,soda
650,7,sardines
651,1,baguette
651,2,soda
651,3,hering
651,4,cracker
651,5,heineken
651,6,corned_b
651,7,avocado
652,1,olives
652,2,bourbon
652,3,coke
652,4,turkey
652,5,ice_crea
652,6,steak
652,7,artichok
653,1,hering
653,2,corned_b
653,3,olives
653,4,ham
653,5,turkey
653,6,ice_crea
653,7,ice_crea
654,1,olives
654,2,bourbon
654,3,coke
654,4,turkey
654,5,ice_crea
654,6,chicken
654,7,cracker
655,1,baguette
655,2,hering
655,3,avocado
655,4,artichok
655,5,heineken
655,6,coke
655,7,ham
656,1,soda
656,2,olives
656,3,bourbon
656,4,cracker
656,5,heineken
656,6,apples
656,7,artichok
657,1,baguette
657,2,sardines
657,3,apples
657,4,peppers
657,5,avocado
657,6,steak
657,7,coke
658,1,avocado
658,2,cracker
658,3,artichok
658,4,heineken
658,5,ham
658,6,hering
658,7,chicken
659,1,olives
659,2,bourbon
659,3,coke
659,4,turkey
659,5,ice_crea
659,6,bordeaux
659,7,apples
660,1,hering
660,2,corned_b
660,3,apples
660,4,olives
660,5,steak
660,6,chicken
660,7,artichok
661,1,sardines
661,2,heineken
661,3,chicken
661,4,coke
661,5,ice_crea
661,6,cracker
661,7,apples
662,1,hering
662,2,corned_b
662,3,apples
662,4,olives
662,5,steak
662,6,cracker
662,7,peppers
663,1,baguette
663,2,soda
663,3,hering
663,4,cracker
663,5,heineken
663,6,olives
663,7,apples
664,1,hering
664,2,corned_b
664,3,apples
664,4,olives
664,5,steak
664,6,ice_crea
664,7,soda
665,1,baguette
665,2,hering
665,3,avocado
665,4,artichok
665,5,heineken
665,6,ice_crea
665,7,soda
666,1,baguette
666,2,sardines
666,3,apples
666,4,peppers
666,5,avocado
666,6,ice_crea
666,7,bourbon
667,1,baguette
667,2,hering
667,3,avocado
667,4,artichok
667,5,heineken
667,6,bordeaux
667,7,peppers
668,1,corned_b
668,2,peppers
668,3,bourbon
668,4,cracker
668,5,chicken
668,6,steak
668,7,baguette
669,1,corned_b
669,2,peppers
669,3,bourbon
669,4,cracker
669,5,chicken
669,6,apples
669,7,heineken
670,1,olives
670,2,bourbon
670,3,coke
670,4,turkey
670,5,ice_crea
670,6,sardines
670,7,peppers
671,1,hering
671,2,corned_b
671,3,olives
671,4,ham
671,5,turkey
671,6,bourbon
671,7,heineken
672,1,olives
672,2,bourbon
672,3,coke
672,4,turkey
672,5,ice_crea
672,6,peppers
672,7,steak
673,1,baguette
673,2,hering
673,3,avocado
673,4,artichok
673,5,heineken
673,6,sardines
673,7,corned_b
674,1,olives
674,2,bourbon
674,3,coke
674,4,turkey
674,5,ice_crea
674,6,baguette
674,7,steak
675,1,soda
675,2,olives
675,3,bourbon
675,4,cracker
675,5,heineken
675,6,sardines
675,7,coke
676,1,hering
676,2,corned_b
676,3,apples
676,4,olives
676,5,steak
676,6,sardines
676,7,peppers
677,1,sardines
677,2,heineken
677,3,chicken
677,4,coke
677,5,ice_crea
677,6,ham
677,7,avocado
678,1,avocado
678,2,cracker
678,3,artichok
678,4,heineken
678,5,ham
678,6,apples
678,7,ice_crea
679,1,corned_b
679,2,peppers
679,3,bourbon
679,4,cracker
679,5,chicken
679,6,avocado
679,7,soda
680,1,hering
680,2,corned_b
680,3,olives
680,4,ham
680,5,turkey
680,6,apples
680,7,avocado
681,1,soda
681,2,olives
681,3,bourbon
681,4,cracker
681,5,heineken
681,6,corned_b
681,7,apples
682,1,hering
682,2,corned_b
682,3,apples
682,4,olives
682,5,steak
682,6,ice_crea
682,7,artichok
683,1,corned_b
683,2,peppers
683,3,bourbon
683,4,cracker
683,5,chicken
683,6,steak
683,7,steak
684,1,corned_b
684,2,peppers
684,3,bourbon
684,4,cracker
684,5,chicken
684,6,bordeaux
684,7,ice_crea
685,1,baguette
685,2,soda
685,3,hering
685,4,cracker
685,5,heineken
685,6,olives
685,7,ice_crea
686,1,baguette
686,2,sardines
686,3,apples
686,4,peppers
686,5,avocado
686,6,soda
686,7,olives
687,1,soda
687,2,olives
687,3,bourbon
687,4,cracker
687,5,heineken
687,6,hering
687,7,chicken
688,1,hering
688,2,corned_b
688,3,apples
688,4,olives
688,5,steak
688,6,ice_crea
688,7,baguette
689,1,corned_b
689,2,peppers
689,3,bourbon
689,4,cracker
689,5,chicken
689,6,artichok
689,7,artichok
690,1,baguette
690,2,hering
690,3,avocado
690,4,artichok
690,5,heineken
690,6,turkey
690,7,steak
691,1,hering
691,2,corned_b
691,3,apples
691,4,olives
691,5,steak
691,6,avocado
691,7,peppers
692,1,baguette
692,2,sardines
692,3,apples
692,4,peppers
692,5,avocado
692,6,coke
692,7,chicken
693,1,baguette
693,2,hering
693,3,avocado
693,4,artichok
693,5,heineken
693,6,sardines
693,7,apples
694,1,baguette
694,2,soda
694,3,hering
694,4,cracker
694,5,heineken
694,6,peppers
694,7,chicken
695,1,olives
695,2,bourbon
695,3,coke
695,4,turkey
695,5,ice_crea
695,6,steak
695,7,steak
696,1,avocado
696,2,cracker
696,3,artichok
696,4,heineken
696,5,ham
696,6,peppers
696,7,corned_b
697,1,soda
697,2,olives
697,3,bourbon
697,4,cracker
697,5,heineken
697,6,bordeaux
697,7,artichok
698,1,baguette
698,2,soda
698,3,hering
698,4,cracker
698,5,heineken
698,6,chicken
698,7,turkey
699,1,soda
699,2,olives
699,3,bourbon
699,4,cracker
699,5,heineken
699,6,artichok
699,7,hering
700,1,baguette
700,2,sardines
700,3,apples
700,4,peppers
700,5,avocado
700,6,hering
700,7,bourbon
701,1,avocado
701,2,cracker
701,3,artichok
701,4,heineken
701,5,ham
701,6,coke
701,7,sardines
702,1,baguette
702,2,sardines
702,3,apples
702,4,peppers
702,5,avocado
702,6,bourbon
702,7,soda
703,1,corned_b
703,2,peppers
703,3,bourbon
703,4,cracker
703,5,chicken
703,6,avocado
703,7,sardines
704,1,sardines
704,2,heineken
704,3,chicken
704,4,coke
704,5,ice_crea
704,6,artichok
704,7,bourbon
705,1,baguette
705,2,hering
705,3,avocado
705,4,artichok
705,5,heineken
705,6,apples
705,7,soda
706,1,avocado
706,2,cracker
706,3,artichok
706,4,heineken
706,5,ham
706,6,corned_b
706,7,peppers
707,1,corned_b
707,2,peppers
707,3,bourbon
707,4,cracker
707,5,chicken
707,6,steak
707,7,soda
708,1,baguette
708,2,hering
708,3,avocado
708,4,artichok
708,5,heineken
708,6,bordeaux
708,7,cracker
709,1,avocado
709,2,cracker
709,3,artichok
709,4,heineken
709,5,ham
709,6,ice_crea
709,7,olives
710,1,hering
710,2,corned_b
710,3,olives
710,4,ham
710,5,turkey
710,6,cracker
710,7,chicken
711,1,sardines
711,2,heineken
711,3,chicken
711,4,coke
711,5,ice_crea
711,6,baguette
711,7,olives
712,1,sardines
712,2,heineken
712,3,chicken
712,4,coke
712,5,ice_crea
712,6,artichok
712,7,artichok
713,1,hering
713,2,corned_b
713,3,olives
713,4,ham
713,5,turkey
713,6,heineken
713,7,cracker
714,1,hering
714,2,corned_b
714,3,apples
714,4,olives
714,5,steak
714,6,sardines
714,7,chicken
715,1,avocado
715,2,cracker
715,3,artichok
715,4,heineken
715,5,ham
715,6,corned_b
715,7,olives
716,1,olives
716,2,bourbon
716,3,coke
716,4,turkey
716,5,ice_crea
716,6,ham
716,7,artichok
717,1,corned_b
717,2,peppers
717,3,bourbon
717,4,cracker
717,5,chicken
717,6,baguette
717,7,heineken
718,1,hering
718,2,corned_b
718,3,olives
718,4,ham
718,5,turkey
718,6,peppers
718,7,apples
719,1,hering
719,2,corned_b
719,3,olives
719,4,ham
719,5,turkey
719,6,heineken
719,7,heineken
720,1,olives
720,2,bourbon
720,3,coke
720,4,turkey
720,5,ice_crea
720,6,ham
720,7,baguette
721,1,baguette
721,2,hering
721,3,avocado
721,4,artichok
721,5,heineken
721,6,corned_b
721,7,steak
722,1,baguette
722,2,soda
722,3,hering
722,4,cracker
722,5,heineken
722,6,avocado
722,7,steak
723,1,olives
723,2,bourbon
723,3,coke
723,4,turkey
723,5,ice_crea
723,6,heineken
723,7,baguette
724,1,hering
724,2,corned_b
724,3,olives
724,4,ham
724,5,turkey
724,6,cracker
724,7,avocado
725,1,avocado
725,2,cracker
725,3,artichok
725,4,heineken
725,5,ham
725,6,peppers
725,7,corned_b
726,1,soda
726,2,olives
726,3,bourbon
726,4,cracker
726,5,heineken
726,6,avocado
726,7,avocado
727,1,baguette
727,2,soda
727,3,hering
727,4,cracker
727,5,heineken
727,6,artichok
727,7,turkey
728,1,olives
728,2,bourbon
728,3,coke
728,4,turkey
728,5,ice_crea
728,6,cracker
728,7,baguette
729,1,sardines
729,2,heineken
729,3,chicken
729,4,coke
729,5,ice_crea
729,6,baguette
729,7,steak
730,1,baguette
730,2,hering
730,3,avocado
730,4,artichok
730,5,heineken
730,6,olives
730,7,cracker
731,1,hering
731,2,corned_b
731,3,olives
731,4,ham
731,5,turkey
731,6,chicken
731,7,sardines
732,1,avocado
732,2,cracker
732,3,artichok
732,4,heineken
732,5,ham
732,6,apples
732,7,baguette
733,1,soda
733,2,olives
733,3,bourbon
733,4,cracker
733,5,heineken
733,6,steak
733,7,corned_b
734,1,hering
734,2,corned_b
734,3,olives
734,4,ham
734,5,turkey
734,6,bordeaux
734,7,steak
735,1,baguette
735,2,soda
735,3,hering
735,4,cracker
735,5,heineken
735,6,bordeaux
735,7,peppers
736,1,olives
736,2,bourbon
736,3,coke
736,4,turkey
736,5,ice_crea
736,6,peppers
736,7,peppers
737,1,avocado
737,2,cracker
737,3,artichok
737,4,heineken
737,5,ham
737,6,turkey
737,7,corned_b
738,1,baguette
738,2,hering
738,3,avocado
738,4,artichok
738,5,heineken
738,6,chicken
738,7,bourbon
739,1,corned_b
739,2,peppers
739,3,bourbon
739,4,cracker
739,5,chicken
739,6,steak
739,7,ice_crea
740,1,soda
740,2,olives
740,3,bourbon
740,4,cracker
740,5,heineken
740,6,ice_crea
740,7,peppers
741,1,baguette
741,2,soda
741,3,hering
741,4,cracker
741,5,heineken
741,6,coke
741,7,coke
742,1,hering
742,2,corned_b
742,3,apples
742,4,olives
742,5,steak
742,6,sardines
742,7,cracker
743,1,baguette
743,2,soda
743,3,hering
743,4,cracker
743,5,heineken
743,6,olives
743,7,apples
744,1,avocado
744,2,cracker
744,3,artichok
744,4,heineken
744,5,ham
744,6,bordeaux
744,7,olives
745,1,hering
745,2,corned_b
745,3,apples
745,4,olives
745,5,steak
745,6,bordeaux
745,7,ham
746,1,baguette
746,2,hering
746,3,avocado
746,4,artichok
746,5,heineken
746,6,apples
746,7,bourbon
747,1,soda
747,2,olives
747,3,bourbon
747,4,cracker
747,5,heineken
747,6,peppers
747,7,steak
748,1,baguette
748,2,soda
748,3,hering
748,4,cracker
748,5,heineken
748,6,olives
748,7,avocado
749,1,olives
749,2,bourbon
749,3,coke
749,4,turkey
749,5,ice_crea
749,6,baguette
749,7,apples
750,1,soda
750,2,olives
750,3,bourbon
750,4,cracker
750,5,heineken
750,6,turkey
750,7,hering
751,1,baguette
751,2,hering
751,3,avocado
751,4,artichok
751,5,heineken
751,6,corned_b
751,7,cracker
752,1,hering
752,2,corned_b
752,3,apples
752,4,olives
752,5,steak
752,6,ham
752,7,heineken
753,1,corned_b
753,2,peppers
753,3,bourbon
753,4,cracker
753,5,chicken
753,6,artichok
753,7,heineken
754,1,baguette
754,2,soda
754,3,hering
754,4,cracker
754,5,heineken
754,6,avocado
754,7,steak
755,1,hering
755,2,corned_b
755,3,olives
755,4,ham
755,5,turkey
755,6,steak
755,7,avocado
756,1,sardines
756,2,heineken
756,3,chicken
756,4,coke
756,5,ice_crea
756,6,soda
756,7,artichok
757,1,olives
757,2,bourbon
757,3,coke
757,4,turkey
757,5,ice_crea
757,6,steak
757,7,heineken
758,1,hering
758,2,corned_b
758,3,apples
758,4,olives
758,5,steak
758,6,artichok
758,7,chicken
759,1,corned_b
759,2,peppers
759,3,bourbon
759,4,cracker
759,5,chicken
759,6,soda
759,7,hering
760,1,sardines
760,2,heineken
760,3,chicken
760,4,coke
760,5,ice_crea
760,6,ham
760,7,ham
761,1,sardines
761,2,heineken
761,3,chicken
761,4,coke
761,5,ice_crea
761,6,hering
761,7,corned_b
762,1,sardines
762,2,heineken
762,3,chicken
762,4,coke
762,5,ice_crea
762,6,apples
762,7,apples
763,1,corned_b
763,2,peppers
763,3,bourbon
763,4,cracker
763,5,chicken
763,6,apples
763,7,olives
764,1,hering
764,2,corned_b
764,3,olives
764,4,ham
764,5,turkey
764,6,bourbon
764,7,chicken
765,1,soda
765,2,olives
765,3,bourbon
765,4,cracker
765,5,heineken
765,6,coke
765,7,apples
766,1,baguette
766,2,sardines
766,3,apples
766,4,peppers
766,5,avocado
766,6,artichok
766,7,artichok
767,1,baguette
767,2,soda
767,3,hering
767,4,cracker
767,5,heineken
767,6,artichok
767,7,avocado
768,1,baguette
768,2,sardines
768,3,apples
768,4,peppers
768,5,avocado
768,6,heineken
768,7,coke
769,1,hering
769,2,corned_b
769,3,olives
769,4,ham
769,5,turkey
769,6,baguette
769,7,avocado
770,1,soda
770,2,olives
770,3,bourbon
770,4,cracker
770,5,heineken
770,6,bordeaux
770,7,ice_crea
771,1,baguette
771,2,sardines
771,3,apples
771,4,peppers
771,5,avocado
771,6,ham
771,7,hering
772,1,hering
772,2,corned_b
772,3,olives
772,4,ham
772,5,turkey
772,6,heineken
772,7,sardines
773,1,avocado
773,2,cracker
773,3,artichok
773,4,heineken
773,5,ham
773,6,hering
773,7,olives
774,1,soda
774,2,olives
774,3,bourbon
774,4,cracker
774,5,heineken
774,6,peppers
774,7,artichok
775,1,baguette
775,2,sardines
775,3,apples
775,4,peppers
775,5,avocado
775,6,corned_b
775,7,coke
776,1,sardines
776,2,heineken
776,3,chicken
776,4,coke
776,5,ice_crea
776,6,apples
776,7,ham
777,1,corned_b
777,2,peppers
777,3,bourbon
777,4,cracker
777,5,chicken
777,6,coke
777,7,hering
778,1,baguette
778,2,hering
778,3,avocado
778,4,artichok
778,5,heineken
778,6,bordeaux
778,7,cracker
779,1,olives
779,2,bourbon
779,3,coke
779,4,turkey
779,5,ice_crea
779,6,apples
779,7,artichok
780,1,baguette
780,2,hering
780,3,avocado
780,4,artichok
780,5,heineken
780,6,steak
780,7,steak
781,1,baguette
781,2,soda
781,3,hering
781,4,cracker
781,5,heineken
781,6,ham
781,7,sardines
782,1,hering
782,2,corned_b
782,3,olives
782,4,ham
782,5,turkey
782,6,peppers
782,7,ice_crea
783,1,soda
783,2,olives
783,3,bourbon
783,4,cracker
783,5,heineken
783,6,hering
783,7,baguette
784,1,baguette
784,2,hering
784,3,avocado
784,4,artichok
784,5,heineken
784,6,coke
784,7,steak
785,1,sardines
785,2,heineken
785,3,chicken
785,4,coke
785,5,ice_crea
785,6,bourbon
785,7,artichok
786,1,soda
786,2,olives
786,3,bourbon
786,4,cracker
786,5,heineken
786,6,ice_crea
786,7,ice_crea
787,1,avocado
787,2,cracker
787,3,artichok
787,4,heineken
787,5,ham
787,6,turkey
787,7,hering
788,1,hering
788,2,corned_b
788,3,apples
788,4,olives
788,5,steak
788,6,bordeaux
788,7,cracker
789,1,hering
789,2,corned_b
789,3,olives
789,4,ham
789,5,turkey
789,6,heineken
789,7,bourbon
790,1,baguette
790,2,soda
790,3,hering
790,4,cracker
790,5,heineken
790,6,ice_crea
790,7,apples
791,1,sardines
791,2,heineken
791,3,chicken
791,4,coke
791,5,ice_crea
791,6,bordeaux
791,7,turkey
792,1,olives
792,2,bourbon
792,3,coke
792,4,turkey
792,5,ice_crea
792,6,sardines
792,7,ham
793,1,olives
793,2,bourbon
793,3,coke
793,4,turkey
793,5,ice_crea
793,6,hering
793,7,cracker
794,1,hering
794,2,corned_b
794,3,apples
794,4,olives
794,5,steak
794,6,baguette
794,7,ice_crea
795,1,baguette
795,2,soda
795,3,hering
795,4,cracker
795,5,heineken
795,6,bordeaux
795,7,ice_crea
796,1,avocado
796,2,cracker
796,3,artichok
796,4,heineken
796,5,ham
796,6,turkey
796,7,sardines
797,1,soda
797,2,olives
797,3,bourbon
797,4,cracker
797,5,heineken
797,6,peppers
797,7,chicken
798,1,baguette
798,2,sardines
798,3,apples
798,4,peppers
798,5,avocado
798,6,turkey
798,7,cracker
799,1,baguette
799,2,soda
799,3,hering
799,4,cracker
799,5,heineken
799,6,avocado
799,7,ham
800,1,olives
800,2,bourbon
800,3,coke
800,4,turkey
800,5,ice_crea
800,6,soda
800,7,apples
801,1,baguette
801,2,hering
801,3,avocado
801,4,artichok
801,5,heineken
801,6,turkey
801,7,chicken
802,1,hering
802,2,corned_b
802,3,apples
802,4,olives
802,5,steak
802,6,bourbon
802,7,bourbon
803,1,avocado
803,2,cracker
803,3,artichok
803,4,heineken
803,5,ham
803,6,soda
803,7,peppers
804,1,baguette
804,2,hering
804,3,avocado
804,4,artichok
804,5,heineken
804,6,cracker
804,7,cracker
805,1,corned_b
805,2,peppers
805,3,bourbon
805,4,cracker
805,5,chicken
805,6,baguette
805,7,soda
806,1,baguette
806,2,soda
806,3,hering
806,4,cracker
806,5,heineken
806,6,bourbon
806,7,ice_crea
807,1,avocado
807,2,cracker
807,3,artichok
807,4,heineken
807,5,ham
807,6,sardines
807,7,corned_b
808,1,hering
808,2,corned_b
808,3,olives
808,4,ham
808,5,turkey
808,6,bourbon
808,7,soda
809,1,olives
809,2,bourbon
809,3,coke
809,4,turkey
809,5,ice_crea
809,6,soda
809,7,corned_b
810,1,baguette
810,2,sardines
810,3,apples
810,4,peppers
810,5,avocado
810,6,hering
810,7,ham
811,1,avocado
811,2,cracker
811,3,artichok
811,4,heineken
811,5,ham
811,6,olives
811,7,bourbon
812,1,baguette
812,2,sardines
812,3,apples
812,4,peppers
812,5,avocado
812,6,coke
812,7,corned_b
813,1,sardines
813,2,heineken
813,3,chicken
813,4,coke
813,5,ice_crea
813,6,hering
813,7,artichok
814,1,soda
814,2,olives
814,3,bourbon
814,4,cracker
814,5,heineken
814,6,baguette
814,7,hering
815,1,baguette
815,2,sardines
815,3,apples
815,4,peppers
815,5,avocado
815,6,artichok
815,7,heineken
816,1,olives
816,2,bourbon
816,3,coke
816,4,turkey
816,5,ice_crea
816,6,ham
816,7,corned_b
817,1,corned_b
817,2,peppers
817,3,bourbon
817,4,cracker
817,5,chicken
817,6,baguette
817,7,apples
818,1,soda
818,2,olives
818,3,bourbon
818,4,cracker
818,5,heineken
818,6,apples
818,7,apples
819,1,baguette
819,2,hering
819,3,avocado
819,4,artichok
819,5,heineken
819,6,cracker
819,7,sardines
820,1,soda
820,2,olives
820,3,bourbon
820,4,cracker
820,5,heineken
820,6,baguette
820,7,chicken
821,1,hering
821,2,corned_b
821,3,apples
821,4,olives
821,5,steak
821,6,sardines
821,7,soda
822,1,baguette
822,2,soda
822,3,hering
822,4,cracker
822,5,heineken
822,6,avocado
822,7,chicken
823,1,baguette
823,2,hering
823,3,avocado
823,4,artichok
823,5,heineken
823,6,apples
823,7,apples
824,1,baguette
824,2,sardines
824,3,apples
824,4,peppers
824,5,avocado
824,6,heineken
824,7,ice_crea
825,1,baguette
825,2,soda
825,3,hering
825,4,cracker
825,5,heineken
825,6,coke
825,7,coke
826,1,sardines
826,2,heineken
826,3,chicken
826,4,coke
826,5,ice_crea
826,6,cracker
826,7,apples
827,1,baguette
827,2,soda
827,3,hering
827,4,cracker
827,5,heineken
827,6,steak
827,7,chicken
828,1,avocado
828,2,cracker
828,3,artichok
828,4,heineken
828,5,ham
828,6,steak
828,7,steak
829,1,baguette
829,2,hering
829,3,avocado
829,4,artichok
829,5,heineken
829,6,ham
829,7,chicken
830,1,corned_b
830,2,peppers
830,3,bourbon
830,4,cracker
830,5,chicken
830,6,heineken
830,7,artichok
831,1,hering
831,2,corned_b
831,3,olives
831,4,ham
831,5,turkey
831,6,bordeaux
831,7,baguette
832,1,corned_b
832,2,peppers
832,3,bourbon
832,4,cracker
832,5,chicken
832,6,heineken
832,7,turkey
833,1,baguette
833,2,soda
833,3,hering
833,4,cracker
833,5,heineken
833,6,artichok
833,7,chicken
834,1,sardines
834,2,heineken
834,3,chicken
834,4,coke
834,5,ice_crea
834,6,apples
834,7,ham
835,1,olives
835,2,bourbon
835,3,coke
835,4,turkey
835,5,ice_crea
835,6,hering
835,7,sardines
836,1,baguette
836,2,soda
836,3,hering
836,4,cracker
836,5,heineken
836,6,apples
836,7,sardines
837,1,baguette
837,2,hering
837,3,avocado
837,4,artichok
837,5,heineken
837,6,apples
837,7,apples
838,1,baguette
838,2,hering
838,3,avocado
838,4,artichok
838,5,heineken
838,6,bordeaux
838,7,ham
839,1,avocado
839,2,cracker
839,3,artichok
839,4,heineken
839,5,ham
839,6,olives
839,7,steak
840,1,baguette
840,2,soda
840,3,hering
840,4,cracker
840,5,heineken
840,6,chicken
840,7,ice_crea
841,1,baguette
841,2,soda
841,3,hering
841,4,cracker
841,5,heineken
841,6,bourbon
841,7,olives
842,1,sardines
842,2,heineken
842,3,chicken
842,4,coke
842,5,ice_crea
842,6,cracker
842,7,ham
843,1,avocado
843,2,cracker
843,3,artichok
843,4,heineken
843,5,ham
843,6,coke
843,7,soda
844,1,corned_b
844,2,peppers
844,3,bourbon
844,4,cracker
844,5,chicken
844,6,soda
844,7,olives
845,1,baguette
845,2,sardines
845,3,apples
845,4,peppers
845,5,avocado
845,6,bourbon
845,7,bourbon
846,1,hering
846,2,corned_b
846,3,olives
846,4,ham
846,5,turkey
846,6,chicken
846,7,apples
847,1,sardines
847,2,heineken
847,3,chicken
847,4,coke
847,5,ice_crea
847,6,baguette
847,7,bourbon
848,1,baguette
848,2,soda
848,3,hering
848,4,cracker
848,5,heineken
848,6,corned_b
848,7,artichok
849,1,olives
849,2,bourbon
849,3,coke
849,4,turkey
849,5,ice_crea
849,6,baguette
849,7,heineken
850,1,avocado
850,2,cracker
850,3,artichok
850,4,heineken
850,5,ham
850,6,bordeaux
850,7,peppers
851,1,hering
851,2,corned_b
851,3,olives
851,4,ham
851,5,turkey
851,6,coke
851,7,apples
852,1,sardines
852,2,heineken
852,3,chicken
852,4,coke
852,5,ice_crea
852,6,peppers
852,7,olives
853,1,hering
853,2,corned_b
853,3,olives
853,4,ham
853,5,turkey
853,6,artichok
853,7,baguette
854,1,soda
854,2,olives
854,3,bourbon
854,4,cracker
854,5,heineken
854,6,hering
854,7,steak
855,1,olives
855,2,bourbon
855,3,coke
855,4,turkey
855,5,ice_crea
855,6,artichok
855,7,ham
856,1,baguette
856,2,sardines
856,3,apples
856,4,peppers
856,5,avocado
856,6,steak
856,7,corned_b
857,1,sardines
857,2,heineken
857,3,chicken
857,4,coke
857,5,ice_crea
857,6,apples
857,7,artichok
858,1,hering
858,2,corned_b
858,3,olives
858,4,ham
858,5,turkey
858,6,ice_crea
858,7,steak
859,1,hering
859,2,corned_b
859,3,apples
859,4,olives
859,5,steak
859,6,bordeaux
859,7,turkey
860,1,corned_b
860,2,peppers
860,3,bourbon
860,4,cracker
860,5,chicken
860,6,baguette
860,7,artichok
861,1,baguette
861,2,sardines
861,3,apples
861,4,peppers
861,5,avocado
861,6,cracker
861,7,heineken
862,1,hering
862,2,corned_b
862,3,olives
862,4,ham
862,5,turkey
862,6,avocado
862,7,artichok
863,1,olives
863,2,bourbon
863,3,coke
863,4,turkey
863,5,ice_crea
863,6,steak
863,7,soda
864,1,hering
864,2,corned_b
864,3,olives
864,4,ham
864,5,turkey
864,6,steak
864,7,heineken
865,1,sardines
865,2,heineken
865,3,chicken
865,4,coke
865,5,ice_crea
865,6,soda
865,7,apples
866,1,soda
866,2,olives
866,3,bourbon
866,4,cracker
866,5,heineken
866,6,turkey
866,7,sardines
867,1,hering
867,2,corned_b
867,3,apples
867,4,olives
867,5,steak
867,6,cracker
867,7,sardines
868,1,baguette
868,2,sardines
868,3,apples
868,4,peppers
868,5,avocado
868,6,coke
868,7,ice_crea
869,1,avocado
869,2,cracker
869,3,artichok
869,4,heineken
869,5,ham
869,6,bordeaux
869,7,hering
870,1,hering
870,2,corned_b
870,3,apples
870,4,olives
870,5,steak
870,6,ham
870,7,ham
871,1,corned_b
871,2,peppers
871,3,bourbon
871,4,cracker
871,5,chicken
871,6,heineken
871,7,sardines
872,1,hering
872,2,corned_b
872,3,olives
872,4,ham
872,5,turkey
872,6,artichok
872,7,bourbon
873,1,hering
873,2,corned_b
873,3,apples
873,4,olives
873,5,steak
873,6,ham
873,7,coke
874,1,hering
874,2,corned_b
874,3,olives
874,4,ham
874,5,turkey
874,6,apples
874,7,bourbon
875,1,baguette
875,2,soda
875,3,hering
875,4,cracker
875,5,heineken
875,6,artichok
875,7,turkey
876,1,sardines
876,2,heineken
876,3,chicken
876,4,coke
876,5,ice_crea
876,6,bourbon
876,7,olives
877,1,avocado
877,2,cracker
877,3,artichok
877,4,heineken
877,5,ham
877,6,bordeaux
877,7,corned_b
878,1,hering
878,2,corned_b
878,3,olives
878,4,ham
878,5,turkey
878,6,sardines
878,7,steak
879,1,sardines
879,2,heineken
879,3,chicken
879,4,coke
879,5,ice_crea
879,6,olives
879,7,corned_b
880,1,soda
880,2,olives
880,3,bourbon
880,4,cracker
880,5,heineken
880,6,chicken
880,7,apples
881,1,sardines
881,2,heineken
881,3,chicken
881,4,coke
881,5,ice_crea
881,6,hering
881,7,bourbon
882,1,sardines
882,2,heineken
882,3,chicken
882,4,coke
882,5,ice_crea
882,6,bourbon
882,7,peppers
883,1,hering
883,2,corned_b
883,3,apples
883,4,olives
883,5,steak
883,6,bordeaux
883,7,baguette
884,1,avocado
884,2,cracker
884,3,artichok
884,4,heineken
884,5,ham
884,6,soda
884,7,bourbon
885,1,baguette
885,2,hering
885,3,avocado
885,4,artichok
885,5,heineken
885,6,olives
885,7,olives
886,1,corned_b
886,2,peppers
886,3,bourbon
886,4,cracker
886,5,chicken
886,6,artichok
886,7,hering
887,1,olives
887,2,bourbon
887,3,coke
887,4,turkey
887,5,ice_crea
887,6,soda
887,7,sardines
888,1,sardines
888,2,heineken
888,3,chicken
888,4,coke
888,5,ice_crea
888,6,peppers
888,7,cracker
889,1,avocado
889,2,cracker
889,3,artichok
889,4,heineken
889,5,ham
889,6,apples
889,7,peppers
890,1,baguette
890,2,hering
890,3,avocado
890,4,artichok
890,5,heineken
890,6,olives
890,7,chicken
891,1,baguette
891,2,hering
891,3,avocado
891,4,artichok
891,5,heineken
891,6,bourbon
891,7,corned_b
892,1,corned_b
892,2,peppers
892,3,bourbon
892,4,cracker
892,5,chicken
892,6,apples
892,7,soda
893,1,soda
893,2,olives
893,3,bourbon
893,4,cracker
893,5,heineken
893,6,ice_crea
893,7,apples
894,1,baguette
894,2,hering
894,3,avocado
894,4,artichok
894,5,heineken
894,6,steak
894,7,chicken
895,1,baguette
895,2,sardines
895,3,apples
895,4,peppers
895,5,avocado
895,6,ice_crea
895,7,soda
896,1,sardines
896,2,heineken
896,3,chicken
896,4,coke
896,5,ice_crea
896,6,artichok
896,7,corned_b
897,1,sardines
897,2,heineken
897,3,chicken
897,4,coke
897,5,ice_crea
897,6,baguette
897,7,artichok
898,1,avocado
898,2,cracker
898,3,artichok
898,4,heineken
898,5,ham
898,6,corned_b
898,7,bourbon
899,1,baguette
899,2,soda
899,3,hering
899,4,cracker
899,5,heineken
899,6,sardines
899,7,peppers
900,1,sardines
900,2,heineken
900,3,chicken
900,4,coke
900,5,ice_crea
900,6,peppers
900,7,bourbon
901,1,baguette
901,2,sardines
901,3,apples
901,4,peppers
901,5,avocado
901,6,coke
901,7,steak
902,1,baguette
902,2,soda
902,3,hering
902,4,cracker
902,5,heineken
902,6,apples
902,7,chicken
903,1,soda
903,2,olives
903,3,bourbon
903,4,cracker
903,5,heineken
903,6,peppers
903,7,apples
904,1,soda
904,2,olives
904,3,bourbon
904,4,cracker
904,5,heineken
904,6,turkey
904,7,hering
905,1,soda
905,2,olives
905,3,bourbon
905,4,cracker
905,5,heineken
905,6,turkey
905,7,avocado
906,1,hering
906,2,corned_b
906,3,apples
906,4,olives
906,5,steak
906,6,chicken
906,7,artichok
907,1,baguette
907,2,sardines
907,3,apples
907,4,peppers
907,5,avocado
907,6,olives
907,7,turkey
908,1,hering
908,2,corned_b
908,3,olives
908,4,ham
908,5,turkey
908,6,chicken
908,7,peppers
909,1,baguette
909,2,soda
909,3,hering
909,4,cracker
909,5,heineken
909,6,avocado
909,7,steak
910,1,sardines
910,2,heineken
910,3,chicken
910,4,coke
910,5,ice_crea
910,6,steak
910,7,ham
911,1,hering
911,2,corned_b
911,3,apples
911,4,olives
911,5,steak
911,6,coke
911,7,heineken
912,1,hering
912,2,corned_b
912,3,apples
912,4,olives
912,5,steak
912,6,peppers
912,7,ice_crea
913,1,hering
913,2,corned_b
913,3,apples
913,4,olives
913,5,steak
913,6,ham
913,7,heineken
914,1,soda
914,2,olives
914,3,bourbon
914,4,cracker
914,5,heineken
914,6,baguette
914,7,artichok
915,1,hering
915,2,corned_b
915,3,apples
915,4,olives
915,5,steak
915,6,turkey
915,7,baguette
916,1,avocado
916,2,cracker
916,3,artichok
916,4,heineken
916,5,ham
916,6,steak
916,7,steak
917,1,baguette
917,2,hering
917,3,avocado
917,4,artichok
917,5,heineken
917,6,bordeaux
917,7,coke
918,1,baguette
918,2,soda
918,3,hering
918,4,cracker
918,5,heineken
918,6,apples
918,7,artichok
919,1,baguette
919,2,hering
919,3,avocado
919,4,artichok
919,5,heineken
919,6,olives
919,7,cracker
920,1,sardines
920,2,heineken
920,3,chicken
920,4,coke
920,5,ice_crea
920,6,steak
920,7,cracker
921,1,avocado
921,2,cracker
921,3,artichok
921,4,heineken
921,5,ham
921,6,ice_crea
921,7,apples
922,1,sardines
922,2,heineken
922,3,chicken
922,4,coke
922,5,ice_crea
922,6,bourbon
922,7,turkey
923,1,soda
923,2,olives
923,3,bourbon
923,4,cracker
923,5,heineken
923,6,sardines
923,7,avocado
924,1,baguette
924,2,sardines
924,3,apples
924,4,peppers
924,5,avocado
924,6,bourbon
924,7,coke
925,1,soda
925,2,olives
925,3,bourbon
925,4,cracker
925,5,heineken
925,6,hering
925,7,hering
926,1,baguette
926,2,sardines
926,3,apples
926,4,peppers
926,5,avocado
926,6,chicken
926,7,hering
927,1,olives
927,2,bourbon
927,3,coke
927,4,turkey
927,5,ice_crea
927,6,cracker
927,7,baguette
928,1,baguette
928,2,sardines
928,3,apples
928,4,peppers
928,5,avocado
928,6,bourbon
928,7,olives
929,1,sardines
929,2,heineken
929,3,chicken
929,4,coke
929,5,ice_crea
929,6,artichok
929,7,turkey
930,1,hering
930,2,corned_b
930,3,olives
930,4,ham
930,5,turkey
930,6,soda
930,7,soda
931,1,sardines
931,2,heineken
931,3,chicken
931,4,coke
931,5,ice_crea
931,6,bordeaux
931,7,olives
932,1,corned_b
932,2,peppers
932,3,bourbon
932,4,cracker
932,5,chicken
932,6,hering
932,7,steak
933,1,sardines
933,2,heineken
933,3,chicken
933,4,coke
933,5,ice_crea
933,6,corned_b
933,7,steak
934,1,hering
934,2,corned_b
934,3,olives
934,4,ham
934,5,turkey
934,6,chicken
934,7,bourbon
935,1,hering
935,2,corned_b
935,3,apples
935,4,olives
935,5,steak
935,6,turkey
935,7,ice_crea
936,1,baguette
936,2,hering
936,3,avocado
936,4,artichok
936,5,heineken
936,6,turkey
936,7,turkey
937,1,baguette
937,2,sardines
937,3,apples
937,4,peppers
937,5,avocado
937,6,ice_crea
937,7,olives
938,1,soda
938,2,olives
938,3,bourbon
938,4,cracker
938,5,heineken
938,6,baguette
938,7,peppers
939,1,baguette
939,2,hering
939,3,avocado
939,4,artichok
939,5,heineken
939,6,bourbon
939,7,steak
940,1,baguette
940,2,sardines
940,3,apples
940,4,peppers
940,5,avocado
940,6,bourbon
940,7,bourbon
941,1,baguette
941,2,soda
941,3,hering
941,4,cracker
941,5,heineken
941,6,steak
941,7,corned_b
942,1,avocado
942,2,cracker
942,3,artichok
942,4,heineken
942,5,ham
942,6,turkey
942,7,chicken
943,1,baguette
943,2,sardines
943,3,apples
943,4,peppers
943,5,avocado
943,6,bourbon
943,7,chicken
944,1,sardines
944,2,heineken
944,3,chicken
944,4,coke
944,5,ice_crea
944,6,avocado
944,7,cracker
945,1,baguette
945,2,sardines
945,3,apples
945,4,peppers
945,5,avocado
945,6,coke
945,7,cracker
946,1,soda
946,2,olives
946,3,bourbon
946,4,cracker
946,5,heineken
946,6,turkey
946,7,artichok
947,1,baguette
947,2,soda
947,3,hering
947,4,cracker
947,5,heineken
947,6,steak
947,7,olives
948,1,sardines
948,2,heineken
948,3,chicken
948,4,coke
948,5,ice_crea
948,6,bordeaux
948,7,cracker
949,1,olives
949,2,bourbon
949,3,coke
949,4,turkey
949,5,ice_crea
949,6,ham
949,7,artichok
950,1,baguette
950,2,soda
950,3,hering
950,4,cracker
950,5,heineken
950,6,coke
950,7,avocado
951,1,baguette
951,2,soda
951,3,hering
951,4,cracker
951,5,heineken
951,6,steak
951,7,sardines
952,1,baguette
952,2,soda
952,3,hering
952,4,cracker
952,5,heineken
952,6,chicken
952,7,corned_b
953,1,baguette
953,2,soda
953,3,hering
953,4,cracker
953,5,heineken
953,6,sardines
953,7,artichok
954,1,hering
954,2,corned_b
954,3,olives
954,4,ham
954,5,turkey
954,6,bourbon
954,7,soda
955,1,soda
955,2,olives
955,3,bourbon
955,4,cracker
955,5,heineken
955,6,corned_b
955,7,hering
956,1,corned_b
956,2,peppers
956,3,bourbon
956,4,cracker
956,5,chicken
956,6,soda
956,7,olives
957,1,sardines
957,2,heineken
957,3,chicken
957,4,coke
957,5,ice_crea
957,6,olives
957,7,cracker
958,1,corned_b
958,2,peppers
958,3,bourbon
958,4,cracker
958,5,chicken
958,6,heineken
958,7,apples
959,1,hering
959,2,corned_b
959,3,olives
959,4,ham
959,5,turkey
959,6,soda
959,7,bourbon
960,1,soda
960,2,olives
960,3,bourbon
960,4,cracker
960,5,heineken
960,6,coke
960,7,ice_crea
961,1,soda
961,2,olives
961,3,bourbon
961,4,cracker
961,5,heineken
961,6,sardines
961,7,peppers
962,1,baguette
962,2,sardines
962,3,apples
962,4,peppers
962,5,avocado
962,6,ice_crea
962,7,coke
963,1,corned_b
963,2,peppers
963,3,bourbon
963,4,cracker
963,5,chicken
963,6,artichok
963,7,artichok
964,1,hering
964,2,corned_b
964,3,olives
964,4,ham
964,5,turkey
964,6,heineken
964,7,artichok
965,1,corned_b
965,2,peppers
965,3,bourbon
965,4,cracker
965,5,chicken
965,6,heineken
965,7,turkey
966,1,baguette
966,2,soda
966,3,hering
966,4,cracker
966,5,heineken
966,6,turkey
966,7,bourbon
967,1,baguette
967,2,hering
967,3,avocado
967,4,artichok
967,5,heineken
967,6,apples
967,7,corned_b
968,1,hering
968,2,corned_b
968,3,olives
968,4,ham
968,5,turkey
968,6,peppers
968,7,sardines
969,1,sardines
969,2,heineken
969,3,chicken
969,4,coke
969,5,ice_crea
969,6,ham
969,7,baguette
970,1,hering
970,2,corned_b
970,3,olives
970,4,ham
970,5,turkey
970,6,artichok
970,7,baguette
971,1,corned_b
971,2,peppers
971,3,bourbon
971,4,cracker
971,5,chicken
971,6,coke
971,7,apples
972,1,baguette
972,2,soda
972,3,hering
972,4,cracker
972,5,heineken
972,6,ice_crea
972,7,coke
973,1,baguette
973,2,sardines
973,3,apples
973,4,peppers
973,5,avocado
973,6,bourbon
973,7,ice_crea
974,1,baguette
974,2,soda
974,3,hering
974,4,cracker
974,5,heineken
974,6,ham
974,7,bourbon
975,1,avocado
975,2,cracker
975,3,artichok
975,4,heineken
975,5,ham
975,6,steak
975,7,hering
976,1,olives
976,2,bourbon
976,3,coke
976,4,turkey
976,5,ice_crea
976,6,corned_b
976,7,cracker
977,1,avocado
977,2,cracker
977,3,artichok
977,4,heineken
977,5,ham
977,6,apples
977,7,hering
978,1,hering
978,2,corned_b
978,3,apples
978,4,olives
978,5,steak
978,6,chicken
978,7,avocado
979,1,baguette
979,2,hering
979,3,avocado
979,4,artichok
979,5,heineken
979,6,bourbon
979,7,bourbon
980,1,baguette
980,2,soda
980,3,hering
980,4,cracker
980,5,heineken
980,6,steak
980,7,artichok
981,1,olives
981,2,bourbon
981,3,coke
981,4,turkey
981,5,ice_crea
981,6,artichok
981,7,ham
982,1,baguette
982,2,soda
982,3,hering
982,4,cracker
982,5,heineken
982,6,bourbon
982,7,peppers
983,1,sardines
983,2,heineken
983,3,chicken
983,4,coke
983,5,ice_crea
983,6,ham
983,7,soda
984,1,olives
984,2,bourbon
984,3,coke
984,4,turkey
984,5,ice_crea
984,6,apples
984,7,sardines
985,1,soda
985,2,olives
985,3,bourbon
985,4,cracker
985,5,heineken
985,6,coke
985,7,ham
986,1,soda
986,2,olives
986,3,bourbon
986,4,cracker
986,5,heineken
986,6,coke
986,7,baguette
987,1,baguette
987,2,soda
987,3,hering
987,4,cracker
987,5,heineken
987,6,chicken
987,7,peppers
988,1,soda
988,2,olives
988,3,bourbon
988,4,cracker
988,5,heineken
988,6,corned_b
988,7,chicken
989,1,hering
989,2,corned_b
989,3,apples
989,4,olives
989,5,steak
989,6,turkey
989,7,ice_crea
990,1,sardines
990,2,heineken
990,3,chicken
990,4,coke
990,5,ice_crea
990,6,hering
990,7,olives
991,1,olives
991,2,bourbon
991,3,coke
991,4,turkey
991,5,ice_crea
991,6,apples
991,7,soda
992,1,avocado
992,2,cracker
992,3,artichok
992,4,heineken
992,5,ham
992,6,chicken
992,7,chicken
993,1,hering
993,2,corned_b
993,3,apples
993,4,olives
993,5,steak
993,6,cracker
993,7,artichok
994,1,baguette
994,2,hering
994,3,avocado
994,4,artichok
994,5,heineken
994,6,chicken
994,7,apples
995,1,baguette
995,2,soda
995,3,hering
995,4,cracker
995,5,heineken
995,6,ice_crea
995,7,steak
996,1,avocado
996,2,cracker
996,3,artichok
996,4,heineken
996,5,ham
996,6,chicken
996,7,bourbon
997,1,hering
997,2,corned_b
997,3,olives
997,4,ham
997,5,turkey
997,6,baguette
997,7,apples
998,1,baguette
998,2,soda
998,3,hering
998,4,cracker
998,5,heineken
998,6,sardines
998,7,sardines
999,1,sardines
999,2,heineken
999,3,chicken
999,4,coke
999,5,ice_crea
999,6,corned_b
999,7,peppers
1000,1,hering
1000,2,corned_b
1000,3,apples
1000,4,olives
1000,5,steak
1000,6,bourbon
1000,7,heineken
